,Taxa
0,1.1608
1,1.1569
2,1.1578
3,1.1443
4,1.1448
5,1.1428
6,1.1414
7,1.1444
8,1.1375
9,1.1329
10,1.1276
11,1.1342
12,1.1286
13,1.1290
14,1.1325
15,1.1224
16,1.1286
17,1.1200
18,1.1198
19,1.1284
20,1.1213
21,1.1200
22,1.1280
23,1.1318
24,1.1213
25,1.1210
26,1.1222
27,1.1232
28,1.1308
29,1.1253
30,1.1304
31,1.1348
32,1.1375
33,1.1294
34,1.1285
35,1.1330
36,1.1250
37,1.1194
38,1.1174
39,1.1116
40,1.1136
41,1.1016
42,1.0991
43,1.0975
44,1.0910
45,1.0904
46,1.1000
47,1.0958
48,1.0950
49,1.0832
50,1.0798
51,1.0792
52,1.0875
53,1.0858
54,1.0824
55,1.0843
56,1.0783
57,1.0807
58,1.0843
59,1.0942
60,1.0876
61,1.0842
62,1.0877
63,1.0852
64,1.0800
65,1.0772
66,1.0867
67,1.0837
68,1.0860
69,1.0860
70,1.0888
71,1.0903
72,1.0963
73,1.0867
74,1.0871
75,1.0885
76,1.0791
77,1.0785
78,1.0906
79,1.0936
80,1.0956
81,1.1034
82,1.0977
83,1.0981
84,1.0827
85,1.0843
86,1.0783
87,1.0707
88,1.0801
89,1.0934
90,1.0982
91,1.1157
92,1.1104
93,1.1240
94,1.1336
95,1.1390
96,1.1456
97,1.1336
98,1.1187
99,1.1125
100,1.1117
101,1.1122
102,1.0977
103,1.0964
104,1.0875
105,1.0840
106,1.0818
107,1.0801
108,1.0790
109,1.0800
110,1.0816
111,1.0835
112,1.0842
113,1.0867
114,1.0914
115,1.0901
116,1.0951
117,1.0969
118,1.1003
119,1.1023
120,1.1048
121,1.1066
122,1.1052
123,1.1029
124,1.1001
125,1.1005
126,1.1025
127,1.1035
128,1.1091
129,1.1088
130,1.1115
131,1.1085
132,1.1108
133,1.1169
134,1.1142
135,1.1115
136,1.1126
137,1.1091
138,1.1110
139,1.1115
140,1.1172
141,1.1194
142,1.1147
143,1.1193
144,1.1234
145,1.1189
146,1.1153
147,1.1080
148,1.1075
149,1.1097
150,1.1117
151,1.1115
152,1.1162
153,1.1146
154,1.1174
155,1.1137
156,1.1075
157,1.1077
158,1.1075
159,1.1094
160,1.1094
161,1.1081
162,1.1071
163,1.1023
164,1.0982
165,1.1005
166,1.1009
167,1.1020
168,1.1008
169,1.1058
170,1.1091
171,1.1059
172,1.1077
173,1.1061
174,1.1034
175,1.0997
176,1.1006
177,1.1015
178,1.1041
179,1.1034
180,1.1077
181,1.1090
182,1.1109
183,1.1158
184,1.1139
185,1.1154
186,1.1106
187,1.1095
188,1.1087
189,1.1107
190,1.1128
191,1.1123
192,1.1130
193,1.1173
194,1.1144
195,1.1113
196,1.1025
197,1.1007
198,1.1031
199,1.1043
200,1.1030
201,1.0981
202,1.0986
203,1.0993
204,1.0979
205,1.0951
206,1.0925
207,1.0898
208,1.0889
209,1.0935
210,1.0938
211,1.0982
212,1.1003
213,1.0985
214,1.1030
215,1.1067
216,1.1053
217,1.1026
218,1.1031
219,1.1096
220,1.0963
221,1.1003
222,1.1040
223,1.1033
224,1.1027
225,1.1058
226,1.1018
227,1.0937
228,1.0968
229,1.1036
230,1.1072
231,1.1083
232,1.1104
233,1.1116
234,1.1065
235,1.1083
236,1.1104
237,1.1076
238,1.1103
239,1.1076
240,1.1150
241,1.1188
242,1.1222
243,1.1194
244,1.1198
245,1.1193
246,1.1202
247,1.1187
248,1.1182
249,1.1106
250,1.1037
251,1.1151
252,1.1154
253,1.1119
254,1.1138
255,1.1115
256,1.1140
257,1.1173
258,1.1215
259,1.1226
260,1.1216
261,1.1215
262,1.1223
263,1.1269
264,1.1253
265,1.1285
266,1.1220
267,1.1205
268,1.1215
269,1.1260
270,1.1288
271,1.1293
272,1.1301
273,1.1349
274,1.1380
275,1.1370
276,1.1362
277,1.1388
278,1.1394
279,1.1316
280,1.1307
281,1.1207
282,1.1187
283,1.1234
284,1.1265
285,1.1289
286,1.1323
287,1.1320
288,1.1301
289,1.1273
290,1.1266
291,1.1257
292,1.1244
293,1.1185
294,1.1151
295,1.1134
296,1.1156
297,1.1192
298,1.1198
299,1.1187
300,1.1139
301,1.1171
302,1.1161
303,1.1167
304,1.1172
305,1.1203
306,1.1183
307,1.1226
308,1.1245
309,1.1230
310,1.1193
311,1.1202
312,1.1185
313,1.1199
314,1.1155
315,1.1212
316,1.1218
317,1.1150
318,1.1133
319,1.1123
320,1.1209
321,1.1245
322,1.1250
323,1.1301
324,1.1305
325,1.1313
326,1.1321
327,1.1264
328,1.1279
329,1.1277
330,1.1246
331,1.1233
332,1.1219
333,1.1243
334,1.1200
335,1.1236
336,1.1235
337,1.1218
338,1.1261
339,1.1291
340,1.1325
341,1.1302
342,1.1387
343,1.1354
344,1.1358
345,1.1349
346,1.1308
347,1.1295
348,1.1303
349,1.1275
350,1.1244
351,1.1222
352,1.1271
353,1.1305
354,1.1329
355,1.1337
356,1.1383
357,1.1416
358,1.1386
359,1.1361
360,1.1355
361,1.1325
362,1.1354
363,1.1342
364,1.1294
365,1.1328
366,1.1260
367,1.1268
368,1.1305
369,1.1296
370,1.1309
371,1.1346
372,1.1345
373,1.1394
374,1.1423
375,1.1445
376,1.1471
377,1.1488
378,1.1429
379,1.1422
380,1.1418
381,1.1346
382,1.1341
383,1.1367
384,1.1354
385,1.1362
386,1.1402
387,1.1396
388,1.1389
389,1.1424
390,1.1467
391,1.1533
392,1.1535
393,1.1455
394,1.1440
395,1.1445
396,1.1403
397,1.1348
398,1.1397
399,1.1450
400,1.1454
401,1.1377
402,1.1408
403,1.1414
404,1.1451
405,1.1405
406,1.1377
407,1.1341
408,1.1285
409,1.1371
410,1.1346
411,1.1379
412,1.1425
413,1.1371
414,1.1351
415,1.1354
416,1.1409
417,1.1332
418,1.1359
419,1.1387
420,1.1284
421,1.1328
422,1.1363
423,1.1352
424,1.1403
425,1.1409
426,1.1421
427,1.1427
428,1.1346
429,1.1305
430,1.1296
431,1.1261
432,1.1265
433,1.1346
434,1.1424
435,1.1487
436,1.1428
437,1.1370
438,1.1417
439,1.1393
440,1.1318
441,1.1372
442,1.1381
443,1.1345
444,1.1416
445,1.1389
446,1.1478
447,1.1494
448,1.1470
449,1.1505
450,1.1530
451,1.1587
452,1.1581
453,1.1574
454,1.1575
455,1.1500
456,1.1435
457,1.1478
458,1.1506
459,1.1502
460,1.1548
461,1.1543
462,1.1606
463,1.1576
464,1.1707
465,1.1737
466,1.1777
467,1.1773
468,1.1759
469,1.1769
470,1.1667
471,1.1697
472,1.1671
473,1.1689
474,1.1620
475,1.1585
476,1.1574
477,1.1571
478,1.1615
479,1.1634
480,1.1582
481,1.1562
482,1.1609
483,1.1651
484,1.1692
485,1.1660
486,1.1710
487,1.1633
488,1.1588
489,1.1579
490,1.1616
491,1.1502
492,1.1420
493,1.1391
494,1.1370
495,1.1321
496,1.1406
497,1.1403
498,1.1456
499,1.1593
500,1.1589
501,1.1602
502,1.1543
503,1.1588
504,1.1617
505,1.1696
506,1.1736
507,1.1684
508,1.1625
509,1.1716
510,1.1690
511,1.1706
512,1.1716
513,1.1670
514,1.1588
515,1.1611
516,1.1707
517,1.1720
518,1.1643
519,1.1658
520,1.1735
521,1.1713
522,1.1789
523,1.1724
524,1.1709
525,1.1642
526,1.1665
527,1.1639
528,1.1658
529,1.1583
530,1.1616
531,1.1672
532,1.1700
533,1.1648
534,1.1538
535,1.1578
536,1.1534
537,1.1613
538,1.1596
539,1.1730
540,1.1764
541,1.1788
542,1.1790
543,1.1754
544,1.1836
545,1.1765
546,1.1675
547,1.1737
548,1.1669
549,1.1699
550,1.1632
551,1.1558
552,1.1644
553,1.1675
554,1.1728
555,1.1708
556,1.1794
557,1.1759
558,1.1781
559,1.1805
560,1.1784
561,1.1883
562,1.1988
563,1.1934
564,1.1878
565,1.1879
566,1.1870
567,1.1902
568,1.1969
569,1.1992
570,1.2007
571,1.2079
572,1.2070
573,1.2168
574,1.2185
575,1.2213
576,1.2238
577,1.2309
578,1.2382
579,1.2388
580,1.2357
581,1.2370
582,1.2317
583,1.2323
584,1.2384
585,1.2361
586,1.2304
587,1.2234
588,1.2260
589,1.2276
590,1.2308
591,1.2321
592,1.2398
593,1.2376
594,1.2411
595,1.2346
596,1.2316
597,1.2286
598,1.2276
599,1.2309
600,1.2301
601,1.2341
602,1.2369
603,1.2378
604,1.2302
605,1.2291
606,1.2421
607,1.2417
608,1.2411
609,1.2307
610,1.2312
611,1.2171
612,1.2214
613,1.2301
614,1.2320
615,1.2299
616,1.2276
617,1.2312
618,1.2340
619,1.2410
620,1.2464
621,1.2493
622,1.2348
623,1.2333
624,1.2263
625,1.2273
626,1.2252
627,1.2338
628,1.2329
629,1.2440
630,1.2492
631,1.2459
632,1.2457
633,1.2421
634,1.2379
635,1.2436
636,1.2407
637,1.2352
638,1.2249
639,1.2239
640,1.2255
641,1.2235
642,1.2203
643,1.2230
644,1.2277
645,1.2137
646,1.2017
647,1.1992
648,1.1932
649,1.1973
650,1.2045
651,1.2065
652,1.2023
653,1.2065
654,1.1993
655,1.1934
656,1.1895
657,1.1853
658,1.1859
659,1.1845
660,1.1823
661,1.1795
662,1.1806
663,1.1845
664,1.1736
665,1.1766
666,1.1796
667,1.1742
668,1.1786
669,1.1817
670,1.1847
671,1.1865
672,1.1885
673,1.1849
674,1.1827
675,1.1888
676,1.1952
677,1.1877
678,1.1848
679,1.1749
680,1.1718
681,1.1781
682,1.1795
683,1.1771
684,1.1840
685,1.1745
686,1.1656
687,1.1654
688,1.1630
689,1.1590
690,1.1562
691,1.1590
692,1.1657
693,1.1645
694,1.1612
695,1.1638
696,1.1612
697,1.1605
698,1.1753
699,1.1785
700,1.1761
701,1.1740
702,1.1818
703,1.1834
704,1.1749
705,1.1759
706,1.1803
707,1.1810
708,1.1856
709,1.1830
710,1.1797
711,1.1746
712,1.1707
713,1.1742
714,1.1787
715,1.1753
716,1.1744
717,1.1806
718,1.1778
719,1.1741
720,1.1787
721,1.1867
722,1.1961
723,1.1905
724,1.2007
725,1.1972
726,1.1948
727,1.1963
728,1.1885
729,1.1979
730,1.1933
731,1.1997
732,1.2060
733,1.1971
734,1.1931
735,1.1890
736,1.1905
737,1.1920
738,1.1825
739,1.1916
740,1.2048
741,1.1925
742,1.1808
743,1.1806
744,1.1799
745,1.1771
746,1.1761
747,1.1740
748,1.1697
749,1.1710
750,1.1744
751,1.1797
752,1.1765
753,1.1732
754,1.1731
755,1.1814
756,1.1797
757,1.1868
758,1.1860
759,1.1829
760,1.1812
761,1.1727
762,1.1729
763,1.1694
764,1.1644
765,1.1694
766,1.1648
767,1.1642
768,1.1485
769,1.1533
770,1.1555
771,1.1462
772,1.1415
773,1.1417
774,1.1449
775,1.1405
776,1.1387
777,1.1412
778,1.1385
779,1.1329
780,1.1353
781,1.1369
782,1.1412
783,1.1413
784,1.1375
785,1.1278
786,1.1187
787,1.1173
788,1.1169
789,1.1147
790,1.1156
791,1.1199
792,1.1167
793,1.1166
794,1.1203
795,1.1217
796,1.1221
797,1.1176
798,1.1229
799,1.1217
800,1.1258
801,1.1249
802,1.1217
803,1.1219
804,1.1221
805,1.1173
806,1.1188
807,1.1196
808,1.1214
809,1.1193
810,1.1215
811,1.1243
812,1.1179
813,1.1129
814,1.1117
815,1.1059
816,1.0972
817,1.0876
818,1.0860
819,1.0882
820,1.0888
821,1.0938
822,1.0961
823,1.0927
824,1.0919
825,1.0915
826,1.0930
827,1.0881
828,1.0893
829,1.0891
830,1.0848
831,1.0698
832,1.0745
833,1.0725
834,1.0682
835,1.0630
836,1.0605
837,1.0616
838,1.0578
839,1.0630
840,1.0666
841,1.0678
842,1.0651
843,1.0661
844,1.0691
845,1.0737
846,1.0748
847,1.0859
848,1.0889
849,1.0805
850,1.0786
851,1.0807
852,1.0802
853,1.0752
854,1.0737
855,1.0726
856,1.0622
857,1.0631
858,1.0663
859,1.0606
860,1.0551
861,1.0556
862,1.0576
863,1.0592
864,1.0565
865,1.0514
866,1.0533
867,1.0597
868,1.0587
869,1.0609
870,1.0573
871,1.0513
872,1.0537
873,1.0616
874,1.0650
875,1.0652
876,1.0555
877,1.0623
878,1.0629
879,1.0629
880,1.0692
881,1.0665
882,1.0675
883,1.0712
884,1.0741
885,1.0808
886,1.0790
887,1.0755
888,1.0630
889,1.0681
890,1.0700
891,1.0743
892,1.0748
893,1.0715
894,1.0632
895,1.0668
896,1.0664
897,1.0684
898,1.0594
899,1.0661
900,1.0679
901,1.0503
902,1.0567
903,1.0516
904,1.0589
905,1.0501
906,1.0437
907,1.0385
908,1.0465
909,1.0541
910,1.0453
911,1.0401
912,1.0445
913,1.0446
914,1.0444
915,1.0421
916,1.0364
917,1.0422
918,1.0439
919,1.0419
920,1.0644
921,1.0610
922,1.0596
923,1.0559
924,1.0762
925,1.0730
926,1.0734
927,1.0702
928,1.0642
929,1.0627
930,1.0635
931,1.0576
932,1.0588
933,1.0592
934,1.0548
935,1.0602
936,1.0617
937,1.0631
938,1.0629
939,1.0717
940,1.0702
941,1.0765
942,1.0777
943,1.0904
944,1.0895
945,1.1022
946,1.1038
947,1.1062
948,1.1093
949,1.1064
950,1.1095
951,1.1025
952,1.0946
953,1.0922
954,1.0927
955,1.0925
956,1.0872
957,1.0891
958,1.0886
959,1.0980
960,1.0979
961,1.0993
962,1.0994
963,1.1002
964,1.1038
965,1.1020
966,1.1079
967,1.1160
968,1.1140
969,1.1185
970,1.1211
971,1.1161
972,1.1236
973,1.1161
974,1.1221
975,1.1225
976,1.1220
977,1.1262
978,1.1214
979,1.1238
980,1.1150
981,1.1184
982,1.1165
983,1.1226
984,1.1254
985,1.1218
986,1.1247
987,1.1226
988,1.1268
989,1.1296
990,1.1237
991,1.1159
992,1.1156
993,1.1193
994,1.1146
995,1.1132
996,1.1168
997,1.1170
998,1.1290
999,1.1290
1000,1.1268
1001,1.1339
1002,1.1306
1003,1.1326
1004,1.1321
1005,1.1276
1006,1.1295
1007,1.1180
1008,1.1158
1009,1.1153
1010,1.1184
1011,1.1078
1012,1.1087
1013,1.1156
1014,1.1136
1015,1.1200
1016,1.1193
1017,1.1164
1018,1.1113
1019,1.1090
1020,1.0991
1021,1.0997
1022,1.0982
1023,1.1014
1024,1.1015
1025,1.1013
1026,1.1035
1027,1.1053
1028,1.1128
1029,1.1157
1030,1.1072
1031,1.1092
1032,1.1049
1033,1.1070
1034,1.1080
1035,1.1069
1036,1.1146
1037,1.1138
1038,1.1135
1039,1.1102
1040,1.1090
1041,1.1073
1042,1.0998
1043,1.1066
1044,1.1389
1045,1.1283
1046,1.1314
1047,1.1332
1048,1.1254
1049,1.1174
1050,1.1230
1051,1.1225
1052,1.1268
1053,1.1304
1054,1.1343
1055,1.1378
1056,1.1348
1057,1.1349
1058,1.1154
1059,1.1188
1060,1.1174
1061,1.1154
1062,1.1139
1063,1.1168
1064,1.1168
1065,1.1146
1066,1.1168
1067,1.1215
1068,1.1219
1069,1.1197
1070,1.1279
1071,1.1318
1072,1.1324
1073,1.1348
1074,1.1389
1075,1.1409
1076,1.1375
1077,1.1395
1078,1.1427
1079,1.1439
1080,1.1505
1081,1.1569
1082,1.1493
1083,1.1403
1084,1.1358
1085,1.1303
1086,1.1287
1087,1.1264
1088,1.1263
1089,1.1355
1090,1.1379
1091,1.1343
1092,1.1306
1093,1.1284
1094,1.1252
1095,1.1298
1096,1.1396
1097,1.1390
1098,1.1363
1099,1.1364
1100,1.1336
1101,1.1367
1102,1.1380
1103,1.1432
1104,1.1385
1105,1.1324
1106,1.1194
1107,1.1154
1108,1.1171
1109,1.1212
1110,1.1271
1111,1.1279
1112,1.1311
1113,1.1064
1114,1.1109
1115,1.1119
1116,1.1090
1117,1.0857
1118,1.0973
1119,1.1028
1120,1.0953
1121,1.0970
1122,1.0901
1123,1.0856
1124,1.0872
1125,1.0888
1126,1.1006
1127,1.1027
1128,1.0981
1129,1.1002
1130,1.1026
1131,1.1096
1132,1.1084
1133,1.1136
1134,1.1166
1135,1.1180
1136,1.1275
1137,1.1347
1138,1.1257
1139,1.1236
1140,1.1101
1141,1.1202
1142,1.1206
1143,1.0933
1144,1.0919
1145,1.0884
1146,1.0920
1147,1.0903
1148,1.0888
1149,1.0837
1150,1.0815
1151,1.0808
1152,1.0893
1153,1.0907
1154,1.0868
1155,1.0892
1156,1.0914
1157,1.0893
1158,1.0816
1159,1.0836
1160,1.0888
1161,1.0861
1162,1.0868
1163,1.0742
1164,1.0746
1165,1.0898
1166,1.0887
1167,1.0926
1168,1.0952
1169,1.0962
1170,1.0947
1171,1.0916
1172,1.0952
1173,1.0870
1174,1.0836
1175,1.0841
1176,1.0933
1177,1.0990
1178,1.0983
1179,1.0950
1180,1.0943
1181,1.0941
1182,1.0875
1183,1.0809
1184,1.0902
1185,1.0671
1186,1.0612
1187,1.0600
1188,1.0579
1189,1.0580
1190,1.0612
1191,1.0586
1192,1.0651
1193,1.0631
1194,1.0688
1195,1.0687
1196,1.0666
1197,1.0670
1198,1.0723
1199,1.0764
1200,1.0726
1201,1.0716
1202,1.0711
1203,1.0776
1204,1.0864
1205,1.0883
1206,1.0935
1207,1.0976
1208,1.1032
1209,1.1017
1210,1.0930
1211,1.1085
1212,1.1061
1213,1.1011
1214,1.1084
1215,1.1313
1216,1.1354
1217,1.1373
1218,1.1333
1219,1.1360
1220,1.1439
1221,1.1410
1222,1.1374
1223,1.1373
1224,1.1362
1225,1.1254
1226,1.1266
1227,1.1224
1228,1.1236
1229,1.1160
1230,1.1153
1231,1.1203
1232,1.1204
1233,1.1170
1234,1.1151
1235,1.1241
1236,1.1150
1237,1.1155
1238,1.1250
1239,1.1419
1240,1.1312
1241,1.1228
1242,1.1320
1243,1.1305
1244,1.1268
1245,1.1185
1246,1.1139
1247,1.1162
1248,1.1146
1249,1.1138
1250,1.1229
1251,1.1255
1252,1.1236
1253,1.1215
1254,1.1268
1255,1.1284
1256,1.1402
1257,1.1506
1258,1.1497
1259,1.1281
1260,1.1183
1261,1.1041
1262,1.1060
1263,1.1100
1264,1.1171
1265,1.1109
1266,1.1155
1267,1.1055
1268,1.0960
1269,1.0941
1270,1.0885
1271,1.0883
1272,1.0973
1273,1.0951
1274,1.0967
1275,1.0955
1276,1.1030
1277,1.1025
1278,1.1058
1279,1.0939
1280,1.0999
1281,1.0902
1282,1.0867
1283,1.0852
1284,1.0889
1285,1.0867
1286,1.1009
1287,1.1031
1288,1.1049
1289,1.1185
1290,1.1054
1291,1.1024
1292,1.0931
1293,1.1008
1294,1.1096
1295,1.1066
1296,1.1100
1297,1.1189
1298,1.1133
1299,1.1202
1300,1.1206
1301,1.1213
1302,1.1204
1303,1.1345
1304,1.1299
1305,1.1404
1306,1.1279
1307,1.1215
1308,1.1218
1309,1.1220
1310,1.1232
1311,1.1279
1312,1.1249
1313,1.1162
1314,1.1218
1315,1.1317
1316,1.1134
1317,1.1029
1318,1.0944
1319,1.0970
1320,1.0896
1321,1.0863
1322,1.0926
1323,1.0978
1324,1.1164
1325,1.1133
1326,1.1118
1327,1.1180
1328,1.1389
1329,1.1328
1330,1.1419
1331,1.1221
1332,1.1239
1333,1.1142
1334,1.1221
1335,1.1305
1336,1.1230
1337,1.1117
1338,1.1152
1339,1.1215
1340,1.1002
1341,1.0927
1342,1.0822
1343,1.0824
1344,1.0772
1345,1.0743
1346,1.0700
1347,1.0723
1348,1.0814
1349,1.0711
1350,1.0579
1351,1.0564
1352,1.0552
1353,1.0570
1354,1.0774
1355,1.0862
1356,1.0847
1357,1.0830
1358,1.0755
1359,1.0759
1360,1.0845
1361,1.0856
1362,1.0973
1363,1.0985
1364,1.0950
1365,1.0912
1366,1.0776
1367,1.0677
1368,1.0592
1369,1.0635
1370,1.0557
1371,1.0572
1372,1.0613
1373,1.0578
1374,1.0738
1375,1.0860
1376,1.0963
1377,1.1069
1378,1.1124
1379,1.1168
1380,1.1227
1381,1.1240
1382,1.1317
1383,1.1346
1384,1.1328
1385,1.1298
1386,1.1298
1387,1.1387
1388,1.1372
1389,1.1415
1390,1.1408
1391,1.1381
1392,1.1328
1393,1.1314
1394,1.1297
1395,1.1275
1396,1.1447
1397,1.1410
1398,1.1446
1399,1.1376
1400,1.1310
1401,1.1305
1402,1.1315
1403,1.1344
1404,1.1306
1405,1.1244
1406,1.1198
1407,1.1618
1408,1.1593
1409,1.1579
1410,1.1605
1411,1.1588
1412,1.1708
1413,1.1775
1414,1.1782
1415,1.1804
1416,1.1813
1417,1.1768
1418,1.1831
1419,1.1914
1420,1.1915
1421,1.2043
1422,1.2141
1423,1.2160
1424,1.2197
1425,1.2219
1426,1.2213
1427,1.2259
1428,1.2279
1429,1.2285
1430,1.2448
1431,1.2537
1432,1.2426
1433,1.2450
1434,1.2428
1435,1.2392
1436,1.2369
1437,1.2258
1438,1.2362
1439,1.2311
1440,1.2331
1441,1.2424
1442,1.2469
1443,1.2483
1444,1.2480
1445,1.2475
1446,1.2424
1447,1.2410
1448,1.2422
1449,1.2539
1450,1.2535
1451,1.2514
1452,1.2496
1453,1.2436
1454,1.2456
1455,1.2467
1456,1.2424
1457,1.2486
1458,1.2393
1459,1.2517
1460,1.2480
1461,1.2514
1462,1.2493
1463,1.2524
1464,1.2598
1465,1.2737
1466,1.2748
1467,1.2679
1468,1.2659
1469,1.2669
1470,1.2693
1471,1.2762
1472,1.2773
1473,1.2823
1474,1.2749
1475,1.2666
1476,1.2646
1477,1.2679
1478,1.2638
1479,1.2763
1480,1.2645
1481,1.2607
1482,1.2565
1483,1.2616
1484,1.2631
1485,1.2603
1486,1.2583
1487,1.2701
1488,1.2732
1489,1.2712
1490,1.2826
1491,1.2892
1492,1.2845
1493,1.2852
1494,1.2872
1495,1.2956
1496,1.2949
1497,1.2911
1498,1.2931
1499,1.2928
1500,1.2929
1501,1.2902
1502,1.2947
1503,1.2948
1504,1.3015
1505,1.3151
1506,1.3115
1507,1.3133
1508,1.3188
1509,1.3178
1510,1.3177
1511,1.3192
1512,1.3200
1513,1.3267
1514,1.3262
1515,1.3284
1516,1.3354
1517,1.3383
1518,1.3388
1519,1.3373
1520,1.3360
1521,1.3346
1522,1.3386
1523,1.3388
1524,1.3368
1525,1.3345
1526,1.3382
1527,1.3422
1528,1.3395
1529,1.3379
1530,1.3401
1531,1.3429
1532,1.3433
1533,1.3440
1534,1.3472
1535,1.3465
1536,1.3481
1537,1.3518
1538,1.3525
1539,1.3525
1540,1.3532
1541,1.3613
1542,1.3627
1543,1.3595
1544,1.3604
1545,1.3603
1546,1.3589
1547,1.3592
1548,1.3588
1549,1.3646
1550,1.3656
1551,1.3688
1552,1.3658
1553,1.3620
1554,1.3606
1555,1.3615
1556,1.3618
1557,1.3596
1558,1.3588
1559,1.3620
1560,1.3563
1561,1.3568
1562,1.3532
1563,1.3534
1564,1.3528
1565,1.3547
1566,1.3547
1567,1.3608
1568,1.3642
1569,1.3567
1570,1.3627
1571,1.3645
1572,1.3611
1573,1.3607
1574,1.3612
1575,1.3608
1576,1.3638
1577,1.3635
1578,1.3630
1579,1.3668
1580,1.3676
1581,1.3702
1582,1.3715
1583,1.3696
1584,1.3659
1585,1.3719
1586,1.3703
1587,1.3765
1588,1.3781
1589,1.3953
1590,1.3927
1591,1.3945
1592,1.3874
1593,1.3862
1594,1.3850
1595,1.3826
1596,1.3861
1597,1.3831
1598,1.3820
1599,1.3834
1600,1.3817
1601,1.3855
1602,1.3840
1603,1.3803
1604,1.3827
1605,1.3872
1606,1.3867
1607,1.3794
1608,1.3774
1609,1.3723
1610,1.3700
1611,1.3771
1612,1.3795
1613,1.3790
1614,1.3788
1615,1.3759
1616,1.3758
1617,1.3791
1618,1.3789
1619,1.3774
1620,1.3780
1621,1.3762
1622,1.3913
1623,1.3902
1624,1.3906
1625,1.3884
1626,1.3942
1627,1.3887
1628,1.3850
1629,1.3881
1630,1.3894
1631,1.3745
1632,1.3732
1633,1.3768
1634,1.3768
1635,1.3813
1636,1.3656
1637,1.3726
1638,1.3754
1639,1.3735
1640,1.3707
1641,1.3706
1642,1.3745
1643,1.3731
1644,1.3699
1645,1.3707
1646,1.3675
1647,1.3573
1648,1.3676
1649,1.3638
1650,1.3574
1651,1.3495
1652,1.3543
1653,1.3519
1654,1.3498
1655,1.3516
1656,1.3574
1657,1.3608
1658,1.3649
1659,1.3658
1660,1.3687
1661,1.3639
1662,1.3566
1663,1.3526
1664,1.3566
1665,1.3584
1666,1.3597
1667,1.3606
1668,1.3667
1669,1.3654
1670,1.3587
1671,1.3612
1672,1.3594
1673,1.3641
1674,1.3602
1675,1.3634
1676,1.3658
1677,1.3791
1678,1.3783
1679,1.3814
1680,1.3684
1681,1.3702
1682,1.3655
1683,1.3667
1684,1.3749
1685,1.3749
1686,1.3776
1687,1.3727
1688,1.3775
1689,1.3767
1690,1.3750
1691,1.3722
1692,1.3661
1693,1.3594
1694,1.3592
1695,1.3578
1696,1.3536
1697,1.3611
1698,1.3592
1699,1.3596
1700,1.3547
1701,1.3514
1702,1.3518
1703,1.3472
1704,1.3527
1705,1.3502
1706,1.3517
1707,1.3460
1708,1.3436
1709,1.3415
1710,1.3432
1711,1.3394
1712,1.3431
1713,1.3365
1714,1.3517
1715,1.3494
1716,1.3506
1717,1.3505
1718,1.3641
1719,1.3755
1720,1.3768
1721,1.3784
1722,1.3777
1723,1.3805
1724,1.3752
1725,1.3674
1726,1.3667
1727,1.3684
1728,1.3662
1729,1.3561
1730,1.3493
1731,1.3564
1732,1.3566
1733,1.3532
1734,1.3515
1735,1.3576
1736,1.3572
1737,1.3593
1738,1.3594
1739,1.3515
1740,1.3554
1741,1.3505
1742,1.3537
1743,1.3499
1744,1.3504
1745,1.3473
1746,1.3508
1747,1.3514
1748,1.3545
1749,1.3352
1750,1.3356
1751,1.3357
1752,1.3295
1753,1.3290
1754,1.3268
1755,1.3240
1756,1.3194
1757,1.3117
1758,1.3202
1759,1.3171
1760,1.3172
1761,1.3207
1762,1.3235
1763,1.3266
1764,1.3347
1765,1.3338
1766,1.3361
1767,1.3355
1768,1.3323
1769,1.3384
1770,1.3392
1771,1.3344
1772,1.3340
1773,1.3297
1774,1.3243
1775,1.3290
1776,1.3280
1777,1.3373
1778,1.3360
1779,1.3305
1780,1.3280
1781,1.3257
1782,1.3203
1783,1.3236
1784,1.3275
1785,1.3284
1786,1.3270
1787,1.3260
1788,1.3202
1789,1.3246
1790,1.3180
1791,1.3166
1792,1.3123
1793,1.3093
1794,1.3136
1795,1.3118
1796,1.3012
1797,1.3034
1798,1.3044
1799,1.2813
1800,1.2857
1801,1.2850
1802,1.2883
1803,1.2984
1804,1.2959
1805,1.3017
1806,1.3037
1807,1.3080
1808,1.3032
1809,1.3024
1810,1.3134
1811,1.3086
1812,1.3180
1813,1.3200
1814,1.3406
1815,1.3374
1816,1.3337
1817,1.3303
1818,1.3315
1819,1.3277
1820,1.3273
1821,1.3209
1822,1.3260
1823,1.3118
1824,1.3067
1825,1.3092
1826,1.3008
1827,1.3006
1828,1.2944
1829,1.2952
1830,1.2938
1831,1.2939
1832,1.2939
1833,1.2888
1834,1.2923
1835,1.2866
1836,1.2853
1837,1.2869
1838,1.2890
1839,1.2864
1840,1.2977
1841,1.2973
1842,1.2988
1843,1.3142
1844,1.3135
1845,1.3107
1846,1.3107
1847,1.3114
1848,1.3191
1849,1.3072
1850,1.3113
1851,1.2999
1852,1.3080
1853,1.3006
1854,1.2990
1855,1.3037
1856,1.3115
1857,1.3045
1858,1.3129
1859,1.3129
1860,1.3081
1861,1.3052
1862,1.3119
1863,1.3086
1864,1.3040
1865,1.3023
1866,1.2944
1867,1.2818
1868,1.2828
1869,1.2840
1870,1.2805
1871,1.2768
1872,1.2861
1873,1.2935
1874,1.2948
1875,1.2910
1876,1.2945
1877,1.2944
1878,1.2929
1879,1.3086
1880,1.2937
1881,1.2981
1882,1.3053
1883,1.2994
1884,1.3090
1885,1.3010
1886,1.3035
1887,1.3034
1888,1.3007
1889,1.3000
1890,1.3129
1891,1.3097
1892,1.3077
1893,1.3304
1894,1.3186
1895,1.3186
1896,1.3370
1897,1.3349
1898,1.3352
1899,1.3325
1900,1.3327
1901,1.3480
1902,1.3438
1903,1.3391
1904,1.3374
1905,1.3546
1906,1.3517
1907,1.3537
1908,1.3552
1909,1.3644
1910,1.3550
1911,1.3541
1912,1.3433
1913,1.3444
1914,1.3469
1915,1.3349
1916,1.3330
1917,1.3317
1918,1.3323
1919,1.3324
1920,1.3368
1921,1.3277
1922,1.3327
1923,1.3341
1924,1.3274
1925,1.3113
1926,1.3056
1927,1.3086
1928,1.3039
1929,1.3012
1930,1.3102
1931,1.3262
1932,1.3194
1933,1.3183
1934,1.3266
1935,1.3218
1936,1.3209
1937,1.3246
1938,1.3302
1939,1.3178
1940,1.3160
1941,1.3081
1942,1.3077
1943,1.3040
1944,1.2993
1945,1.2930
1946,1.2905
1947,1.3072
1948,1.3065
1949,1.3092
1950,1.3057
1951,1.2986
1952,1.2994
1953,1.2891
1954,1.2961
1955,1.2964
1956,1.2909
1957,1.2893
1958,1.2805
1959,1.2809
1960,1.2762
1961,1.2745
1962,1.2756
1963,1.2726
1964,1.2696
1965,1.2735
1966,1.2694
1967,1.2736
1968,1.2746
1969,1.2800
1970,1.2777
1971,1.2850
1972,1.2975
1973,1.2993
1974,1.2962
1975,1.2898
1976,1.2908
1977,1.2993
1978,1.2942
1979,1.3005
1980,1.3063
1981,1.3035
1982,1.3118
1983,1.3120
1984,1.3046
1985,1.2971
1986,1.2970
1987,1.2918
1988,1.2889
1989,1.2953
1990,1.2958
1991,1.3002
1992,1.2951
1993,1.2904
1994,1.2930
1995,1.2877
1996,1.2930
1997,1.2874
1998,1.2845
1999,1.2932
2000,1.2916
2001,1.2988
2002,1.2954
2003,1.3002
2004,1.3054
2005,1.3086
2006,1.3095
2007,1.2910
2008,1.2896
2009,1.2787
2010,1.2776
2011,1.2706
2012,1.2638
2013,1.2578
2014,1.2579
2015,1.2568
2016,1.2611
2017,1.2544
2018,1.2545
2019,1.2548
2020,1.2530
2021,1.2507
2022,1.2552
2023,1.2448
2024,1.2428
2025,1.2300
2026,1.2337
2027,1.2279
2028,1.2276
2029,1.2352
2030,1.2339
2031,1.2262
2032,1.2301
2033,1.2336
2034,1.2436
2035,1.2379
2036,1.2245
2037,1.2346
2038,1.2298
2039,1.2284
2040,1.2246
2041,1.2317
2042,1.2260
2043,1.2134
2044,1.2089
2045,1.2105
2046,1.2200
2047,1.2287
2048,1.2234
2049,1.2281
2050,1.2177
2051,1.2185
2052,1.2178
2053,1.2260
2054,1.2285
2055,1.2293
2056,1.2377
2057,1.2426
2058,1.2560
2059,1.2575
2060,1.2593
2061,1.2590
2062,1.2418
2063,1.2478
2064,1.2475
2065,1.2488
2066,1.2539
2067,1.2670
2068,1.2704
2069,1.2619
2070,1.2618
2071,1.2596
2072,1.2551
2073,1.2534
2074,1.2492
2075,1.2544
2076,1.2468
2077,1.2595
2078,1.2485
2079,1.2429
2080,1.2437
2081,1.2322
2082,1.2403
2083,1.2438
2084,1.2523
2085,1.2566
2086,1.2546
2087,1.2557
2088,1.2659
2089,1.2768
2090,1.2750
2091,1.2721
2092,1.2682
2093,1.2738
2094,1.2843
2095,1.2863
2096,1.2944
2097,1.2961
2098,1.2950
2099,1.3025
2100,1.3033
2101,1.3132
2102,1.3123
2103,1.3131
2105,1.3214
2106,1.3229
2107,1.3215
2108,1.3206
2109,1.3161
2110,1.3131
2111,1.3192
2112,1.3086
2113,1.3093
2114,1.3132
2115,1.3024
2116,1.3148
2117,1.3153
2118,1.3131
2119,1.3114
2122,1.3068
2123,1.3142
2124,1.3315
2125,1.3319
2126,1.3356
2127,1.3272
2128,1.3337
2129,1.3333
2130,1.3276
2131,1.3242
2132,1.3167
2133,1.3225
2134,1.3198
2135,1.3150
2136,1.3116
2137,1.3057
2138,1.3062
2139,1.3057
2140,1.3119
2141,1.3191
2142,1.3242
2143,1.3120
2144,1.3153
2145,1.3220
2146,1.3217
2147,1.3312
2148,1.3443
2149,1.3454
2150,1.3388
2151,1.3412
2152,1.3300
2153,1.3230
2154,1.3222
2155,1.3266
2156,1.3159
2157,1.2982
2158,1.3092
2159,1.3169
2160,1.3254
2161,1.3189
2162,1.3288
2163,1.3274
2164,1.3113
2165,1.3042
2166,1.3160
2167,1.3094
2168,1.3175
2169,1.3176
2170,1.3110
2171,1.3145
2172,1.3145
2173,1.2942
2174,1.3003
2175,1.3017
2176,1.2902
2177,1.2911
2178,1.2831
2179,1.2790
2180,1.2669
2181,1.2771
2182,1.2736
2183,1.2718
2184,1.2808
2185,1.2728
2186,1.2776
2187,1.2832
2188,1.2948
2189,1.3014
2190,1.2935
2191,1.2939
2192,1.2889
2193,1.3074
2194,1.3069
2196,1.3057
2197,1.3047
2198,1.3054
2199,1.3074
2200,1.3039
2201,1.3064
2202,1.3019
2203,1.2993
2204,1.3181
2205,1.3251
2206,1.3384
2207,1.3410
2208,1.3377
2209,1.3394
2210,1.3442
2211,1.3511
2212,1.3492
2213,1.3418
2214,1.3336
2215,1.3348
2216,1.3229
2217,1.3373
2218,1.3387
2219,1.3535
2220,1.3458
2221,1.3576
2222,1.3480
2223,1.3484
2224,1.3532
2225,1.3659
2226,1.3650
2227,1.3616
2228,1.3633
2229,1.3788
2230,1.3742
2231,1.3773
2232,1.3773
2233,1.3809
2234,1.3627
2235,1.4001
2236,1.4160
2237,1.4038
2238,1.3927
2239,1.3918
2240,1.3856
2241,1.3798
2242,1.3807
2243,1.3828
2244,1.3676
2245,1.3776
2246,1.3807
2247,1.3727
2248,1.3766
2249,1.3607
2250,1.3593
2251,1.3434
2252,1.3269
2253,1.3337
2254,1.3181
2255,1.3327
2256,1.3503
2257,1.3615
2258,1.3631
2259,1.3579
2260,1.3500
2261,1.3430
2262,1.3448
2263,1.3636
2264,1.3710
2265,1.3641
2266,1.3760
2267,1.3795
2268,1.3729
2269,1.3645
2270,1.3656
2271,1.3817
2272,1.4044
2273,1.4036
2274,1.4099
2275,1.4126
2276,1.4255
2277,1.4285
2278,1.4450
2279,1.4402
2280,1.4487
2281,1.4402
2282,1.4424
2283,1.4433
2284,1.4462
2285,1.4413
2286,1.4385
2287,1.4369
2288,1.4477
2289,1.4360
2290,1.4309
2291,1.4250
2292,1.4143
2293,1.4367
2294,1.4267
2295,1.4225
2296,1.4155
2297,1.4229
2298,1.4300
2299,1.4170
2300,1.4415
2301,1.4260
2302,1.4260
2303,1.4446
2304,1.4471
2305,1.4380
2306,1.4391
2307,1.4222
2308,1.4207
2309,1.4160
2310,1.4045
2311,1.4146
2312,1.4202
2313,1.4073
2314,1.3975
2315,1.4056
2316,1.4242
2317,1.4247
2318,1.4318
2319,1.4461
2320,1.4500
2321,1.4488
2322,1.4453
2323,1.4425
2324,1.4261
2325,1.4205
2326,1.4220
2327,1.4212
2328,1.4397
2329,1.4373
2330,1.4235
2331,1.4270
2332,1.4088
2333,1.4292
2334,1.4448
2335,1.4354
2336,1.4486
2337,1.4614
2338,1.4608
2339,1.4652
2340,1.4596
2341,1.4488
2342,1.4460
2343,1.4408
2344,1.4385
2345,1.4272
2346,1.4265
2347,1.4168
2348,1.4069
2349,1.4089
2350,1.4020
2351,1.4237
2352,1.4265
2353,1.4227
2354,1.4171
2355,1.4143
2356,1.4280
2357,1.4153
2358,1.4357
2359,1.4358
2360,1.4397
2361,1.4501
2362,1.4814
2363,1.4882
2364,1.4780
2365,1.4837
2366,1.4860
2367,1.4794
2368,1.4668
2369,1.4617
2372,1.4584
2373,1.4515
2374,1.4302
2375,1.4275
2376,1.4450
2377,1.4401
2378,1.4493
2379,1.4470
2380,1.4434
2381,1.4401
2382,1.4283
2383,1.4300
2384,1.4166
2385,1.4240
2386,1.4141
2387,1.4207
2388,1.4090
2389,1.4066
2390,1.4032
2391,1.4115
2392,1.4128
2393,1.4136
2394,1.4211
2395,1.4194
2396,1.4130
2397,1.4004
2398,1.3951
2399,1.3884
2400,1.3948
2401,1.3773
2402,1.3817
2403,1.3928
2404,1.3898
2405,1.4028
2406,1.3957
2407,1.3850
2408,1.3809
2409,1.3825
2410,1.3834
2411,1.3762
2412,1.3773
2413,1.3731
2414,1.3667
2415,1.3668
2416,1.3627
2417,1.3560
2418,1.3510
2419,1.3510
2420,1.3440
2421,1.3524
2422,1.3604
2423,1.3647
2424,1.3635
2425,1.3553
2426,1.3631
2427,1.3745
2428,1.3803
2429,1.3755
2430,1.3692
2431,1.3710
2432,1.3716
2433,1.3681
2434,1.3596
2435,1.3571
2436,1.3521
2437,1.3472
2438,1.3506
2439,1.3371
2440,1.3311
2441,1.3349
2442,1.3199
2443,1.2973
2444,1.2948
2445,1.2903
2446,1.2961
2447,1.3091
2448,1.3213
2449,1.3421
2450,1.3348
2451,1.3362
2452,1.3280
2453,1.3136
2454,1.3195
2455,1.3136
2456,1.3099
2457,1.3064
2458,1.3112
2459,1.3155
2460,1.3147
2461,1.3260
2462,1.3238
2463,1.3360
2464,1.3435
2465,1.3267
2466,1.3244
2467,1.3214
2468,1.3200
2469,1.3363
2470,1.3280
2471,1.3246
2472,1.3155
2473,1.3115
2474,1.2998
2475,1.3146
2476,1.3225
2477,1.3321
2478,1.3339
2479,1.3496
2480,1.3647
2481,1.3674
2482,1.3647
2483,1.3481
2484,1.3612
2485,1.3626
2486,1.3711
2487,1.3700
2488,1.3770
2489,1.3945
2490,1.3917
2491,1.4084
2492,1.4244
2493,1.4014
2494,1.4018
2495,1.3926
2496,1.3857
2497,1.3857
2498,1.3803
2499,1.3912
2500,1.4031
2501,1.3934
2502,1.4016
2503,1.3861
2504,1.3859
2505,1.3896
2506,1.4089
2507,1.4101
2508,1.3958
2509,1.3833
2510,1.3936
2511,1.3874
2512,1.3970
2513,1.3856
2514,1.3780
2515,1.3705
2516,1.3726
2517,1.3648
2518,1.3611
2519,1.3460
2520,1.3477
2521,1.3412
2522,1.3323
2523,1.3364
2524,1.3120
2525,1.3074
2526,1.3060
2527,1.3078
2528,1.2989
2529,1.2850
2530,1.2801
2531,1.2725
2532,1.2715
2533,1.2697
2534,1.2744
2535,1.2874
2536,1.2834
2537,1.2818
2538,1.2800
2539,1.2680
2540,1.2700
2541,1.2713
2542,1.2693
2543,1.2613
2544,1.2611
2545,1.2704
2546,1.2711
2547,1.2836
2548,1.2880
2549,1.2860
2550,1.2820
2551,1.2799
2552,1.2790
2553,1.3016
2554,1.3133
2555,1.3253
2556,1.3176
2557,1.3184
2558,1.3206
2559,1.3221
2560,1.3073
2561,1.3028
2562,1.3069
2563,1.2992
2564,1.3033
2565,1.2931
2566,1.2897
2567,1.2850
2568,1.2817
2569,1.2844
2570,1.2957
2571,1.3000
2572,1.2828
2573,1.2703
2574,1.2569
2575,1.2572
2576,1.2637
2577,1.2660
2578,1.2567
2579,1.2579
2580,1.2531
2581,1.2548
2582,1.2328
2583,1.2271
2584,1.2198
2585,1.2339
2586,1.2294
2587,1.2262
2588,1.2271
2589,1.2258
2590,1.2391
2591,1.2372
2592,1.2363
2593,1.2277
2594,1.2258
2595,1.2249
2596,1.2127
2597,1.2045
2598,1.2010
2599,1.1942
2600,1.1959
2601,1.2060
2602,1.2268
2603,1.2218
2604,1.2155
2605,1.2307
2606,1.2384
2607,1.2255
2608,1.2309
2609,1.2223
2610,1.2360
2611,1.2497
2612,1.2334
2613,1.2270
2614,1.2428
2615,1.2349
2616,1.2492
2617,1.2587
2618,1.2686
2619,1.2698
2620,1.2969
2621,1.2746
2622,1.2727
2623,1.2924
2624,1.3089
2625,1.3238
2626,1.3315
2627,1.3256
2628,1.3245
2629,1.3290
2630,1.3321
2631,1.3311
2632,1.3339
2633,1.3373
2634,1.3486
2635,1.3432
2636,1.3535
2637,1.3544
2638,1.3615
2639,1.3583
2640,1.3585
2641,1.3384
2642,1.3296
2643,1.3340
2644,1.3396
2647,1.3468
2648,1.3479
2649,1.3482
2650,1.3471
2651,1.3353
2652,1.3356
2653,1.3338
2654,1.3519
2655,1.3471
2656,1.3548
2657,1.3660
2658,1.3756
2659,1.3723
2660,1.3705
2661,1.3765
2662,1.3657
2663,1.3610
2664,1.3557
2665,1.3662
2666,1.3582
2667,1.3668
2668,1.3641
2669,1.3548
2670,1.3525
2671,1.3570
2672,1.3489
2673,1.3547
2674,1.3577
2675,1.3626
2676,1.3519
2677,1.3567
2678,1.3726
2679,1.3649
2680,1.3607
2681,1.3572
2682,1.3718
2683,1.3740
2684,1.3760
2685,1.3675
2686,1.3691
2687,1.3847
2688,1.3984
2689,1.3937
2690,1.3913
2691,1.3966
2692,1.3999
2693,1.4072
2694,1.4085
2695,1.4151
2696,1.4135
2697,1.4064
2698,1.4132
2699,1.4279
2700,1.4369
2701,1.4374
2702,1.4486
2703,1.4563
2704,1.4481
2705,1.4528
2706,1.4273
2707,1.4304
2708,1.4350
2709,1.4442
2710,1.4389
2712,1.4406
2713,1.4338
2714,1.4433
2715,1.4405
2717,1.4398
2718,1.4276
2719,1.4279
2720,1.4368
2721,1.4337
2722,1.4343
2723,1.4560
2724,1.4541
2725,1.4647
2726,1.4757
2727,1.4730
2728,1.4768
2729,1.4774
2730,1.4787
2731,1.5068
2732,1.5120
2733,1.5090
2734,1.5074
2735,1.5023
2736,1.4918
2737,1.5071
2738,1.5083
2739,1.4969
2740,1.4968
2741,1.4815
2742,1.4863
2743,1.4957
2744,1.4875
2745,1.4965
2746,1.4868
2747,1.4922
2748,1.5037
2749,1.4966
2750,1.4984
2751,1.4862
2752,1.4867
2753,1.4761
2754,1.4658
2755,1.4772
2756,1.4800
2757,1.4788
2758,1.4785
2759,1.4874
2760,1.5019
2761,1.5020
2762,1.5000
2763,1.4921
2764,1.4971
2765,1.4918
2766,1.4869
2767,1.4864
2768,1.4881
2769,1.4864
2770,1.4765
2771,1.4750
2772,1.4763
2773,1.4694
2774,1.4722
2775,1.4616
2776,1.4537
2777,1.4539
2778,1.4643
2779,1.4549
2780,1.4650
2781,1.4670
2782,1.4768
2783,1.4783
2784,1.4780
2785,1.4658
2786,1.4705
2787,1.4712
2788,1.4671
2789,1.4611
2790,1.4561
2791,1.4594
2792,1.4545
2793,1.4522
2794,1.4473
2795,1.4330
2796,1.4262
2797,1.4335
2798,1.4220
2799,1.4314
2800,1.4272
2801,1.4364
2802,1.4268
2803,1.4270
2804,1.4324
2805,1.4323
2806,1.4330
2807,1.4243
2808,1.4112
2809,1.4101
2810,1.4072
2811,1.4294
2812,1.4293
2813,1.4170
2814,1.4166
2815,1.4202
2816,1.4357
2817,1.4370
2818,1.4410
2819,1.4384
2820,1.4303
2821,1.4138
2822,1.4053
2823,1.4104
2824,1.4229
2825,1.4269
2826,1.4227
2827,1.4229
2828,1.4191
2829,1.4223
2830,1.4217
2831,1.4090
2832,1.4130
2833,1.4089
2834,1.3991
2835,1.3975
2836,1.3901
2837,1.3990
2838,1.3901
2839,1.4019
2840,1.3897
2841,1.4009
2842,1.4049
2843,1.4096
2844,1.4134
2845,1.4058
2846,1.4096
2847,1.3940
2848,1.4029
2849,1.3978
2850,1.3858
2851,1.3932
2852,1.3920
2853,1.3840
2854,1.3890
2855,1.3850
2856,1.4004
2857,1.3969
2858,1.4102
2859,1.3959
2860,1.3866
2861,1.4177
2862,1.4095
2863,1.4207
2864,1.4238
2865,1.4220
2866,1.4098
2867,1.3856
2868,1.3901
2869,1.3908
2870,1.4010
2871,1.3972
2872,1.3771
2873,1.3690
2874,1.3612
2875,1.3494
2876,1.3518
2877,1.3563
2878,1.3623
2879,1.3683
2880,1.3574
2881,1.3425
2882,1.3363
2883,1.3322
2884,1.3403
2885,1.3223
2887,1.3275
2888,1.3266
2889,1.2992
2890,1.3125
2891,1.3232
2892,1.3050
2893,1.2947
2894,1.2932
2895,1.2966
2896,1.3058
2897,1.3196
2898,1.3173
2899,1.3276
2902,1.3273
2903,1.3231
2904,1.3255
2905,1.3496
2906,1.3425
2907,1.3392
2908,1.3246
2909,1.3308
2910,1.3193
2911,1.3295
2912,1.3607
2913,1.3494
2914,1.3507
2915,1.3558
2916,1.3549
2917,1.3671
2918,1.3130
2919,1.2942
2920,1.3042
2921,1.2905
2922,1.2782
2923,1.2786
2924,1.2783
2925,1.2565
2926,1.2658
2927,1.2555
2928,1.2555
2929,1.2615
2930,1.2596
2931,1.2644
2932,1.2782
2933,1.2795
2934,1.2763
2935,1.2798
2936,1.2591
2937,1.2705
2938,1.2596
2939,1.2634
2940,1.2765
2941,1.2823
2942,1.2833
2943,1.2938
2944,1.2967
2945,1.3008
2946,1.2796
2947,1.2829
2948,1.2818
2949,1.2849
2950,1.2760
2951,1.2816
2952,1.3111
2953,1.3260
2954,1.3174
2955,1.2990
2956,1.2795
2957,1.2984
2958,1.2910
2959,1.2930
2960,1.3182
2961,1.3270
2962,1.3085
2963,1.3173
2964,1.3262
2965,1.3394
2966,1.3684
2967,1.3617
2968,1.3595
2969,1.3332
2970,1.3582
2971,1.3866
2973,1.3917
2974,1.4098
2975,1.4270
2978,1.4005
2979,1.3978
2980,1.3970
2981,1.3940
2982,1.4616
2983,1.4059
2984,1.3690
2985,1.3510
2986,1.3340
2987,1.3215
2988,1.2925
2989,1.2838
2990,1.2854
2991,1.2665
2992,1.2620
2993,1.2623
2994,1.2697
2995,1.2608
2996,1.2727
2997,1.2900
2998,1.2935
2999,1.2811
3000,1.2773
3001,1.2602
3002,1.2542
3003,1.2634
3004,1.2653
3005,1.2660
3006,1.2675
3007,1.2525
3008,1.2530
3009,1.2747
3010,1.2891
3011,1.2756
3012,1.2770
3013,1.2870
3014,1.2820
3015,1.2822
3016,1.2757
3017,1.3035
3018,1.2770
3019,1.2526
3020,1.2460
3021,1.2596
3022,1.2810
3023,1.2843
3024,1.3184
3025,1.3424
3026,1.3404
3027,1.3507
3028,1.3625
3029,1.3752
3030,1.3639
3031,1.3579
3032,1.3682
3033,1.3731
3034,1.3632
3035,1.3634
3036,1.3834
3037,1.3903
3038,1.4081
3039,1.4303
3040,1.4349
3041,1.4640
3042,1.4700
3043,1.4690
3044,1.4731
3045,1.4571
3046,1.4236
3047,1.4502
3048,1.4224
3049,1.4267
3050,1.4151
3051,1.4066
3052,1.3934
3053,1.4094
3054,1.4144
3055,1.4214
3056,1.4247
3057,1.4488
3058,1.4441
3059,1.4516
3060,1.4621
3061,1.4735
3062,1.4771
3063,1.4767
3064,1.4598
3065,1.4767
3066,1.4808
3067,1.4814
3068,1.4734
3069,1.4677
3070,1.4704
3071,1.4729
3072,1.4907
3073,1.4903
3074,1.4907
3075,1.5012
3076,1.5074
3077,1.5471
3078,1.5478
3079,1.5487
3080,1.5566
3081,1.5574
3082,1.5611
3083,1.5589
3084,1.5705
3085,1.5746
3086,1.5734
3087,1.5677
3088,1.5741
3089,1.5919
3090,1.5858
3091,1.5816
3092,1.5849
3093,1.5888
3094,1.5990
3095,1.5847
3096,1.5835
3097,1.5708
3098,1.5715
3099,1.5687
3100,1.5651
3101,1.5671
3102,1.5885
3103,1.5806
3104,1.5775
3105,1.5764
3106,1.5748
3107,1.5731
3108,1.5599
3109,1.5568
3110,1.5521
3111,1.5610
3112,1.5481
3113,1.5493
3114,1.5477
3115,1.5459
3116,1.5336
3117,1.5417
3118,1.5515
3119,1.5526
3120,1.5784
3121,1.5597
3122,1.5402
3123,1.5466
3124,1.5593
3125,1.5521
3126,1.5508
3127,1.5551
3128,1.5656
3129,1.5760
3130,1.5761
3131,1.5742
3132,1.5755
3133,1.5753
3134,1.5639
3135,1.5577
3136,1.5498
3137,1.5474
3138,1.5439
3139,1.5473
3140,1.5430
3141,1.5458
3142,1.5347
3143,1.5430
3144,1.5528
3145,1.5460
3146,1.5458
3148,1.5540
3149,1.5571
3150,1.5628
3151,1.5596
3152,1.5769
3153,1.5940
3154,1.5931
3155,1.5898
3156,1.5780
3157,1.5872
3158,1.5928
3159,1.5828
3160,1.5869
3161,1.5833
3162,1.5875
3163,1.5726
3164,1.5694
3165,1.5693
3166,1.5722
3167,1.5526
3168,1.5632
3169,1.5660
3170,1.5812
3171,1.5796
3172,1.5786
3173,1.5710
3174,1.5569
3177,1.5423
3178,1.5692
3179,1.5771
3180,1.5770
3181,1.5561
3182,1.5577
3183,1.5477
3184,1.5379
3185,1.5340
3186,1.5417
3187,1.5319
3188,1.5196
3189,1.5206
3190,1.5203
3191,1.5167
3192,1.5121
3193,1.5044
3194,1.4874
3195,1.4817
3196,1.4848
3197,1.4736
3198,1.4656
3199,1.4742
3200,1.4636
3201,1.4674
3202,1.4626
3203,1.4586
3204,1.4538
3205,1.4542
3206,1.4513
3207,1.4569
3208,1.4621
3209,1.4688
3210,1.4829
3211,1.4889
3212,1.4870
3213,1.4810
3214,1.4773
3215,1.4755
3216,1.4705
3217,1.4663
3218,1.4574
3219,1.4494
3220,1.4482
3221,1.4674
3222,1.4691
3223,1.4792
3224,1.4886
3225,1.4895
3226,1.4792
3227,1.4662
3228,1.4680
3229,1.4705
3230,1.4723
3231,1.4727
3232,1.4753
3233,1.4688
3235,1.4721
3236,1.4692
3237,1.4516
3240,1.4398
3241,1.4380
3242,1.4349
3243,1.4385
3244,1.4416
3245,1.4393
3246,1.4509
3247,1.4683
3248,1.4675
3249,1.4672
3250,1.4718
3251,1.4649
3252,1.4554
3253,1.4720
3254,1.4741
3255,1.4666
3256,1.4761
3257,1.4738
3258,1.4747
3259,1.4874
3260,1.4845
3261,1.4809
3262,1.4829
3263,1.4814
3264,1.4785
3265,1.4654
3266,1.4651
3267,1.4639
3268,1.4700
3269,1.4607
3270,1.4579
3271,1.4683
3272,1.4666
3273,1.4722
3274,1.4547
3275,1.4488
3276,1.4479
3277,1.4423
3278,1.4447
3279,1.4407
3280,1.4391
3281,1.4384
3282,1.4309
3283,1.4230
3284,1.4254
3285,1.4166
3286,1.4288
3287,1.4299
3288,1.4200
3289,1.4150
3290,1.4226
3291,1.4173
3292,1.4199
3293,1.4146
3294,1.4037
3295,1.4089
3296,1.4136
3297,1.4109
3298,1.4195
3299,1.4165
3300,1.4232
3301,1.4179
3302,1.4180
3303,1.4127
3304,1.4106
3305,1.4113
3306,1.4049
3307,1.4030
3308,1.3975
3309,1.3867
3310,1.3877
3311,1.3860
3312,1.3897
3313,1.3885
3314,1.3824
3315,1.3795
3316,1.3696
3317,1.3669
3318,1.3588
3319,1.3580
3320,1.3632
3321,1.3705
3322,1.3610
3323,1.3631
3324,1.3664
3325,1.3658
3326,1.3615
3327,1.3574
3328,1.3493
3329,1.3508
3330,1.3476
3331,1.3454
3332,1.3405
3333,1.3476
3334,1.3591
3335,1.3651
3336,1.3650
3337,1.3729
3338,1.3794
3339,1.3794
3340,1.3818
3341,1.3694
3342,1.3664
3343,1.3663
3344,1.3707
3345,1.3659
3346,1.3651
3347,1.3722
3348,1.3743
3349,1.3833
3350,1.3821
3351,1.3803
3352,1.3820
3353,1.3779
3354,1.3771
3355,1.3781
3356,1.3782
3357,1.3788
3358,1.3753
3359,1.3666
3360,1.3621
3361,1.3596
3362,1.3640
3363,1.3618
3364,1.3601
3365,1.3588
3366,1.3505
3367,1.3467
3368,1.3438
3369,1.3460
3370,1.3461
3371,1.3441
3372,1.3397
3373,1.3427
3374,1.3403
3375,1.3404
3376,1.3314
3377,1.3304
3378,1.3287
3379,1.3345
3380,1.3355
3381,1.3349
3382,1.3470
3383,1.3513
3384,1.3532
3385,1.3482
3386,1.3436
3387,1.3453
3388,1.3420
3389,1.3509
3390,1.3453
3391,1.3441
3392,1.3448
3393,1.3490
3394,1.3454
3395,1.3444
3396,1.3477
3397,1.3516
3398,1.3574
3399,1.3538
3400,1.3549
3401,1.3486
3402,1.3527
3403,1.3535
3404,1.3558
3405,1.3615
3406,1.3561
3407,1.3613
3408,1.3588
3410,1.3605
3411,1.3643
3412,1.3596
3413,1.3649
3414,1.3582
3415,1.3557
3416,1.3606
3417,1.3601
3418,1.3577
3419,1.3549
3420,1.3550
3421,1.3532
3422,1.3467
3423,1.3418
3424,1.3426
3427,1.3373
3428,1.3352
3429,1.3358
3430,1.3366
3431,1.3318
3432,1.3352
3433,1.3348
3434,1.3347
3435,1.3265
3436,1.3327
3437,1.3351
3438,1.3293
3439,1.3296
3440,1.3303
3441,1.3325
3442,1.3226
3443,1.3183
3444,1.3218
3445,1.3156
3446,1.3155
3447,1.3152
3448,1.3135
3449,1.3100
3450,1.3083
3451,1.3163
3452,1.3225
3453,1.3211
3454,1.3230
3455,1.3160
3456,1.3134
3457,1.3106
3458,1.3145
3459,1.3145
3460,1.3132
3461,1.3119
3462,1.3137
3463,1.3082
3464,1.3022
3465,1.2956
3466,1.3007
3467,1.2991
3468,1.2987
3469,1.2955
3470,1.2925
3471,1.3020
3472,1.3020
3473,1.2954
3474,1.2972
3475,1.2921
3476,1.2901
3477,1.2978
3478,1.3005
3479,1.3040
3480,1.2936
3481,1.2958
3482,1.2922
3483,1.2909
3484,1.2953
3485,1.2941
3486,1.2893
3487,1.2984
3488,1.2988
3489,1.3018
3490,1.3006
3491,1.3084
3492,1.3106
3493,1.3231
3494,1.3270
3496,1.3170
3497,1.3173
3498,1.3159
3501,1.3192
3502,1.3178
3503,1.3203
3504,1.3158
3505,1.3095
3506,1.3106
3507,1.3192
3508,1.3265
3509,1.3244
3510,1.3177
3511,1.3276
3512,1.3297
3513,1.3274
3514,1.3331
3515,1.3309
3516,1.3244
3517,1.3200
3518,1.3157
3519,1.3147
3520,1.3114
3521,1.3078
3522,1.2953
3523,1.2886
3524,1.2814
3525,1.2841
3526,1.2774
3527,1.2804
3528,1.2792
3529,1.2824
3530,1.2830
3531,1.2864
3532,1.2796
3533,1.2776
3534,1.2755
3535,1.2702
3536,1.2760
3537,1.2767
3538,1.2757
3539,1.2696
3540,1.2717
3541,1.2683
3542,1.2653
3543,1.2580
3544,1.2541
3545,1.2556
3546,1.2618
3547,1.2561
3548,1.2543
3549,1.2524
3550,1.2515
3551,1.2550
3552,1.2531
3553,1.2543
3554,1.2538
3555,1.2603
3556,1.2664
3557,1.2721
3558,1.2684
3559,1.2737
3560,1.2685
3561,1.2660
3562,1.2713
3563,1.2684
3564,1.2695
3565,1.2768
3566,1.2817
3567,1.2731
3568,1.2676
3569,1.2654
3570,1.2665
3571,1.2675
3572,1.2723
3573,1.2677
3574,1.2709
3575,1.2713
3576,1.2713
3577,1.2731
3578,1.2793
3579,1.2810
3580,1.2852
3581,1.2817
3582,1.2851
3583,1.2818
3584,1.2808
3585,1.2800
3586,1.2762
3587,1.2831
3588,1.2812
3589,1.2812
3590,1.2919
3591,1.2802
3592,1.2879
3593,1.2793
3594,1.2725
3595,1.2718
3596,1.2775
3597,1.2857
3598,1.2879
3599,1.2839
3600,1.2850
3601,1.2792
3602,1.2781
3603,1.2798
3604,1.2759
3605,1.2767
3606,1.2664
3607,1.2737
3608,1.2587
3609,1.2636
3610,1.2633
3611,1.2680
3612,1.2643
3613,1.2482
3614,1.2531
3615,1.2541
3616,1.2666
3617,1.2692
3618,1.2722
3619,1.2736
3620,1.2752
3621,1.2778
3622,1.2735
3623,1.2794
3624,1.2791
3625,1.2790
3626,1.2713
3627,1.2529
3628,1.2570
3629,1.2567
3630,1.2561
3631,1.2502
3632,1.2582
3633,1.2632
3634,1.2546
3635,1.2591
3636,1.2651
3637,1.2610
3638,1.2563
3639,1.2571
3640,1.2572
3641,1.2659
3642,1.2735
3643,1.2789
3644,1.2847
3645,1.2958
3646,1.2815
3647,1.2736
3648,1.2868
3649,1.2839
3650,1.2758
3651,1.2797
3652,1.2755
3653,1.2851
3654,1.2841
3655,1.2753
3656,1.2767
3657,1.2770
3658,1.2882
3659,1.2817
3660,1.2826
3661,1.2914
3662,1.2716
3663,1.2779
3664,1.2697
3665,1.2756
3666,1.2688
3667,1.2592
3668,1.2622
3669,1.2643
3671,1.2537
3672,1.2414
3673,1.2425
3674,1.2425
3675,1.2365
3676,1.2315
3677,1.2346
3678,1.2346
3679,1.2252
3682,1.2094
3683,1.2125
3684,1.2105
3685,1.2099
3686,1.2179
3687,1.2312
3688,1.2262
3689,1.2217
3690,1.2063
3691,1.2104
3692,1.2096
3693,1.2012
3694,1.2084
3695,1.2025
3696,1.1969
3697,1.2055
3698,1.2069
3699,1.2144
3700,1.2174
3701,1.2185
3702,1.2069
3703,1.2026
3704,1.1948
3705,1.1922
3706,1.1919
3707,1.1920
3708,1.1914
3709,1.1913
3710,1.2017
3711,1.2020
3712,1.1921
3713,1.1954
3714,1.1875
3715,1.1852
3716,1.1896
3717,1.1957
3718,1.1875
3719,1.1906
3720,1.1932
3721,1.1863
3722,1.1858
3723,1.1904
3724,1.1898
3725,1.1888
3726,1.1970
3727,1.1972
3728,1.1948
3729,1.1973
3730,1.1981
3731,1.2061
3732,1.2066
3733,1.2092
3734,1.2118
3735,1.2082
3736,1.2172
3737,1.2254
3738,1.2294
3739,1.2272
3740,1.2277
3741,1.2068
3742,1.2073
3743,1.2125
3744,1.2075
3745,1.2112
3746,1.2039
3747,1.2113
3748,1.2088
3749,1.2064
3750,1.2078
3751,1.2093
3752,1.2088
3753,1.2083
3754,1.1875
3755,1.1826
3756,1.1797
3757,1.1825
3758,1.1916
3759,1.1852
3761,1.1859
3762,1.1822
3763,1.1872
3764,1.1955
3765,1.1977
3766,1.1983
3767,1.1999
3768,1.2020
3769,1.1925
3770,1.1925
3771,1.1785
3772,1.1764
3773,1.1710
3774,1.1783
3775,1.1767
3776,1.1697
3777,1.1745
3778,1.1769
3779,1.1793
3780,1.1726
3781,1.1763
3782,1.1783
3783,1.1776
3784,1.1701
3785,1.1811
3786,1.1679
3787,1.1692
3788,1.1677
3789,1.1667
3790,1.1713
3791,1.1697
3792,1.1762
3793,1.1738
3794,1.1741
3795,1.1824
3796,1.1933
3797,1.2041
3798,1.1992
3799,1.2008
3800,1.2023
3801,1.2138
3802,1.2130
3803,1.2059
3804,1.2017
3805,1.1944
3806,1.2012
3807,1.1953
3808,1.1950
3809,1.1937
3810,1.2022
3811,1.1999
3812,1.1980
3813,1.2008
3814,1.2022
3815,1.2088
3816,1.2144
3817,1.2061
3818,1.1947
3819,1.1938
3820,1.1933
3821,1.2042
3822,1.2063
3823,1.2037
3824,1.2005
3825,1.2031
3826,1.2118
3827,1.2224
3828,1.2225
3829,1.2154
3830,1.2139
3831,1.2243
3832,1.2223
3833,1.2314
3834,1.2276
3835,1.2313
3836,1.2415
3837,1.2418
3838,1.2451
3839,1.2483
3840,1.2538
3841,1.2541
3842,1.2388
3843,1.2198
3844,1.2181
3845,1.2289
3846,1.2307
3847,1.2272
3848,1.2211
3849,1.2233
3850,1.2231
3851,1.2183
3852,1.2213
3853,1.2296
3854,1.2313
3855,1.2374
3856,1.2457
3857,1.2405
3858,1.2377
3859,1.2367
3860,1.2370
3861,1.2386
3862,1.2319
3863,1.2308
3864,1.2217
3865,1.2219
3866,1.2093
3867,1.2100
3868,1.1990
3869,1.1987
3870,1.2065
3871,1.2143
3872,1.2187
3873,1.2063
3874,1.1965
3875,1.2054
3876,1.2073
3877,1.2067
3878,1.2184
3879,1.2166
3880,1.2006
3881,1.1904
3882,1.1957
3883,1.1913
3884,1.1883
3885,1.1894
3886,1.2087
3887,1.2092
3888,1.2054
3889,1.2095
3890,1.2164
3891,1.2082
3892,1.2066
3893,1.2111
3894,1.2092
3895,1.2210
3896,1.2177
3897,1.2115
3898,1.2069
3899,1.2110
3900,1.2062
3901,1.2229
3902,1.2239
3903,1.2324
3904,1.2285
3905,1.2272
3906,1.2289
3907,1.2263
3908,1.2228
3909,1.2331
3910,1.2472
3911,1.2551
3912,1.2523
3913,1.2564
3914,1.2617
3915,1.2548
3916,1.2607
3917,1.2642
3918,1.2621
3919,1.2636
3920,1.2616
3921,1.2635
3922,1.2771
3923,1.2882
3924,1.2854
3925,1.2824
3926,1.2947
3927,1.2954
3928,1.2953
3929,1.2856
3930,1.2863
3931,1.2957
3932,1.2905
3933,1.2920
3934,1.2981
3935,1.2966
3936,1.3077
3937,1.3058
3938,1.3049
3939,1.2996
3940,1.2967
3941,1.2868
3942,1.2820
3943,1.2922
3944,1.2985
3945,1.2971
3946,1.2819
3947,1.2923
3948,1.2860
3949,1.2810
3950,1.2883
3951,1.2959
3952,1.2964
3953,1.2943
3954,1.2926
3957,1.2982
3958,1.3050
3959,1.3175
3960,1.3199
3961,1.3279
3962,1.3378
3963,1.3373
3964,1.3383
3965,1.3372
3966,1.3416
3967,1.3409
3968,1.3346
3969,1.3246
3970,1.3197
3971,1.3115
3972,1.3144
3973,1.3101
3974,1.3216
3975,1.3257
3976,1.3165
3977,1.3260
3978,1.3203
3979,1.3193
3980,1.3055
3981,1.3039
3982,1.3041
3983,1.3040
3984,1.3016
3985,1.2967
3986,1.2855
3987,1.2777
3988,1.2762
3989,1.2764
3990,1.2844
3991,1.2958
3992,1.3001
3993,1.3061
3994,1.3027
3995,1.3035
3996,1.3035
3997,1.3026
3998,1.3005
3999,1.3025
4000,1.3065
4001,1.2963
4002,1.2936
4003,1.3083
4004,1.3060
4005,1.3085
4006,1.3091
4007,1.3232
4008,1.3139
4009,1.3143
4010,1.3103
4011,1.3200
4012,1.3183
4013,1.3224
4014,1.3365
4015,1.3507
4016,1.3621
4017,1.3604
4018,1.3608
4019,1.3633
4020,1.3527
4021,1.3542
4022,1.3456
4023,1.3384
4024,1.3394
4025,1.3378
4026,1.3264
4027,1.3401
4028,1.3383
4029,1.3317
4030,1.3268
4031,1.3191
4032,1.3305
4033,1.3300
4034,1.3456
4035,1.3435
4036,1.3300
4037,1.3314
4038,1.3294
4039,1.3295
4040,1.3247
4041,1.3238
4042,1.3213
4043,1.3146
4044,1.3089
4045,1.3033
4046,1.3020
4047,1.3024
4048,1.3026
4049,1.2971
4050,1.2955
4051,1.2921
4052,1.2890
4053,1.2977
4054,1.2911
4055,1.2917
4056,1.2856
4057,1.2874
4058,1.2754
4059,1.2705
4060,1.2748
4061,1.2737
4062,1.2711
4063,1.2792
4064,1.2784
4065,1.2792
4066,1.2606
4067,1.2606
4068,1.2590
4069,1.2509
4070,1.2474
4071,1.2414
4072,1.2377
4073,1.2267
4074,1.2312
4075,1.2392
4076,1.2315
4077,1.2301
4078,1.2282
4079,1.2304
4080,1.2305
4081,1.2413
4082,1.2409
4083,1.2323
4084,1.2335
4085,1.2254
4086,1.2309
4087,1.2315
4088,1.2245
4089,1.2276
4090,1.2132
4091,1.2211
4092,1.2158
4093,1.2238
4094,1.2237
4095,1.2236
4096,1.2219
4097,1.2191
4098,1.2039
4099,1.2079
4100,1.2071
4101,1.2175
4102,1.2172
4103,1.2168
4104,1.2111
4105,1.2047
4106,1.2085
4107,1.2100
4108,1.2081
4109,1.2139
4110,1.2250
4111,1.2293
4112,1.2359
4113,1.2331
4114,1.2338
4115,1.2337
4116,1.2219
4117,1.2256
4118,1.2233
4119,1.2279
4120,1.2247
4121,1.2064
4122,1.2042
4123,1.1983
4124,1.2022
4125,1.2055
4126,1.2039
4127,1.2026
4128,1.2034
4129,1.2168
4130,1.2163
4131,1.2191
4132,1.2268
4133,1.2296
4134,1.2385
4135,1.2412
4136,1.2353
4137,1.2374
4138,1.2381
4139,1.2372
4140,1.2397
4141,1.2372
4142,1.2348
4143,1.2357
4144,1.2309
4145,1.2288
4146,1.2148
4147,1.2168
4148,1.2155
4149,1.2169
4150,1.2208
4151,1.2138
4152,1.2122
4153,1.2087
4154,1.2091
4155,1.2112
4156,1.2042
4157,1.2045
4158,1.2058
4159,1.2051
4160,1.2001
4161,1.2006
4162,1.2052
4163,1.2157
4164,1.2294
4165,1.2319
4166,1.2203
4167,1.2226
4168,1.2276
4169,1.2231
4170,1.2198
4171,1.2246
4172,1.2165
4173,1.2106
4174,1.2063
4175,1.1968
4176,1.2031
4177,1.1922
4178,1.1989
4179,1.1983
4180,1.2023
4181,1.1802
4182,1.1823
4183,1.1857
4184,1.1804
4185,1.1843
4186,1.2073
4187,1.2116
4188,1.2126
4189,1.2061
4190,1.1953
4191,1.1947
4192,1.1826
4193,1.1907
4194,1.1887
4195,1.1851
4196,1.1885
4197,1.1873
4198,1.1836
4199,1.1926
4200,1.2044
4201,1.1932
4202,1.1912
4203,1.1924
4204,1.1975
4207,1.2096
4208,1.2101
4209,1.2090
4210,1.2058
4211,1.2318
4212,1.2320
4213,1.2224
4214,1.2187
4215,1.2118
4216,1.2173
4217,1.2132
4218,1.2196
4219,1.2276
4220,1.2353
4221,1.2344
4222,1.2261
4223,1.2251
4224,1.2350
4225,1.2278
4226,1.2235
4227,1.2256
4228,1.2299
4229,1.2361
4230,1.2356
4231,1.2192
4232,1.2147
4233,1.2143
4234,1.2402
4235,1.2484
4236,1.2418
4237,1.2444
4238,1.2629
4239,1.2595
4240,1.2576
4241,1.2663
4242,1.2724
4243,1.2824
4244,1.2858
4245,1.2741
4246,1.2816
4247,1.2802
4248,1.2680
4249,1.2764
4250,1.2713
4251,1.2529
4252,1.2583
4253,1.2524
4254,1.2585
4255,1.2461
4256,1.2384
4257,1.2468
4258,1.2563
4259,1.2517
4260,1.2575
4261,1.2692
4262,1.2710
4263,1.2607
4264,1.2536
4265,1.2373
4266,1.2493
4267,1.2635
4268,1.2692
4269,1.2749
4270,1.2828
4271,1.2737
4272,1.2634
4273,1.2679
4274,1.2756
4275,1.2657
4276,1.2592
4278,1.2630
4279,1.2496
4280,1.2499
4283,1.2407
4284,1.2392
4285,1.2434
4286,1.2418
4287,1.2403
4288,1.2337
4289,1.2339
4290,1.2230
4291,1.2254
4292,1.2187
4293,1.2239
4294,1.2258
4295,1.2218
4296,1.2087
4297,1.2074
4298,1.2102
4299,1.1975
4300,1.2019
4301,1.1994
4302,1.1902
4303,1.1828
4304,1.1766
4305,1.1823
4306,1.1899
4307,1.1909
4308,1.1910
4309,1.1778
4310,1.1802
4311,1.1765
4312,1.1680
4313,1.1600
4314,1.1497
4315,1.1483
4316,1.1424
4317,1.1449
4318,1.1473
4319,1.1468
4320,1.1589
4321,1.1622
4322,1.1736
4323,1.1684
4324,1.1673
4325,1.1748
4326,1.1781
4327,1.1786
4328,1.1694
4329,1.1623
4330,1.1629
4331,1.1579
4332,1.1615
4333,1.1669
4334,1.1634
4335,1.1688
4336,1.1788
4337,1.1788
4338,1.1781
4339,1.1768
4340,1.1579
4341,1.1686
4342,1.1692
4343,1.1671
4344,1.1652
4345,1.1413
4346,1.1487
4347,1.1493
4348,1.1466
4349,1.1464
4350,1.1468
4351,1.1312
4352,1.1290
4353,1.1212
4354,1.1235
4355,1.1281
4356,1.1172
4357,1.1217
4358,1.1172
4359,1.1135
4360,1.1071
4361,1.0923
4362,1.0818
4363,1.0783
4364,1.0849
4365,1.0965
4366,1.0927
4367,1.0828
4368,1.0907
4369,1.0816
4370,1.0888
4371,1.0894
4372,1.1009
4373,1.1109
4374,1.1065
4375,1.1188
4376,1.1247
4377,1.1270
4378,1.1277
4379,1.1312
4380,1.1295
4381,1.1326
4382,1.1353
4383,1.1392
4384,1.1333
4385,1.1307
4386,1.1169
4387,1.1318
4388,1.1420
4389,1.1462
4390,1.1489
4391,1.1477
4392,1.1467
4393,1.1401
4394,1.1343
4395,1.1284
4396,1.1205
4397,1.1231
4398,1.1138
4399,1.1319
4400,1.1299
4401,1.1315
4402,1.1342
4403,1.1355
4404,1.1326
4405,1.1360
4406,1.1466
4407,1.1457
4408,1.1535
4409,1.1543
4410,1.1427
4411,1.1413
4412,1.1432
4413,1.1551
4414,1.1565
4415,1.1539
4416,1.1655
4417,1.1655
4418,1.1699
4419,1.1797
4420,1.1854
4421,1.1751
4422,1.1734
4423,1.1748
4424,1.1699
4425,1.1726
4426,1.1813
4427,1.1775
4428,1.1691
4429,1.1723
4430,1.1672
4431,1.1822
4432,1.1756
4433,1.1738
4434,1.1901
4435,1.1813
4436,1.1790
4437,1.1720
4438,1.1689
4439,1.1644
4440,1.1652
4441,1.1492
4442,1.1458
4443,1.1499
4444,1.1518
4445,1.1597
4446,1.1466
4447,1.1435
4448,1.1427
4449,1.1344
4450,1.1218
4451,1.1239
4453,1.1131
4454,1.0956
4455,1.1025
4456,1.0973
4457,1.1008
4458,1.0944
4459,1.0971
4462,1.0920
4463,1.0836
4464,1.0784
4465,1.0737
4466,1.0735
4467,1.0805
4468,1.0742
4469,1.0660
4470,1.0582
4471,1.0720
4472,1.0702
4473,1.0830
4474,1.0891
4475,1.0895
4476,1.0730
4477,1.0723
4478,1.0667
4479,1.0691
4480,1.0634
4481,1.0572
4482,1.0592
4483,1.0570
4484,1.0586
4485,1.0801
4486,1.0775
4487,1.0864
4488,1.1028
4489,1.1080
4490,1.1042
4491,1.1039
4492,1.0963
4493,1.0966
4494,1.0919
4495,1.0800
4496,1.0782
4497,1.0822
4498,1.0753
4499,1.0774
4500,1.0721
4501,1.0838
4502,1.0763
4503,1.0717
4504,1.0714
4505,1.0716
4506,1.0793
4507,1.0758
4508,1.0731
4509,1.0706
4510,1.0808
4511,1.0789
4512,1.0813
4513,1.0910
4514,1.0822
4515,1.0729
4516,1.0816
4517,1.0748
4518,1.0868
4519,1.0808
4520,1.0870
4521,1.0784
4522,1.0757
4523,1.0718
4524,1.0653
4525,1.0653
4526,1.0652
4527,1.0564
4528,1.0526
4529,1.0577
4530,1.0549
4531,1.0503
4532,1.0507
4533,1.0377
4534,1.0425
4535,1.0488
4536,1.0392
4537,1.0446
4539,1.0487
4540,1.0422
4541,1.0376
4544,1.0296
4545,1.0282
4546,1.0255
4547,1.0273
4548,1.0240
4549,1.0307
4550,1.0212
4551,1.0221
4552,1.0156
4553,1.0067
4554,1.0111
4555,1.0093
4556,1.0006
4557,0.9991
4558,1.0018
4559,0.9967
4560,0.9871
4561,0.9927
4562,0.9934
4563,0.9927
4564,0.9910
4565,0.9905
4566,1.0024
4567,1.0034
4568,1.0019
4569,1.0125
4570,1.0065
4571,1.0029
4572,1.0095
4573,1.0068
4574,1.0081
4575,1.0126
4576,1.0107
4577,1.0013
4578,0.9955
4579,1.0024
4580,0.9944
4581,0.9974
4582,0.9864
4583,0.9825
4584,0.9820
4585,0.9745
4586,0.9763
4587,0.9738
4588,0.9775
4589,0.9768
4590,0.9748
4591,0.9735
4592,0.9763
4593,0.9823
4594,0.9810
4595,0.9873
4596,0.9857
4597,0.9875
4598,0.9814
4599,0.9800
4600,0.9808
4601,0.9865
4602,0.9890
4603,0.9835
4604,0.9861
4605,0.9860
4606,0.9779
4607,0.9796
4608,0.9771
4609,0.9828
4610,0.9831
4611,0.9790
4612,0.9814
4613,0.9725
4614,0.9649
4615,0.9683
4616,0.9810
4617,0.9757
4618,0.9749
4619,0.9760
4620,0.9794
4621,0.9918
4622,0.9975
4623,0.9947
4624,0.9910
4625,0.9821
4626,0.9833
4627,0.9843
4628,0.9826
4629,0.9774
4630,0.9701
4631,0.9697
4632,0.9770
4633,0.9762
4634,0.9792
4635,0.9799
4636,0.9825
4637,0.9777
4638,0.9857
4639,0.9799
4640,0.9780
4641,0.9729
4642,0.9687
4643,0.9698
4644,0.9689
4645,0.9836
4646,0.9873
4647,0.9760
4648,0.9783
4649,0.9835
4650,0.9821
4651,1.0008
4652,1.0014
4653,0.9915
4654,0.9910
4655,1.0086
4656,1.0146
4657,1.0058
4658,1.0064
4659,1.0127
4660,1.0024
4661,0.9873
4662,0.9836
4663,0.9898
4664,0.9930
4665,0.9828
4666,0.9725
4667,0.9790
4668,0.9780
4669,0.9838
4670,0.9913
4671,0.9975
4672,0.9824
4673,0.9917
4674,0.9712
4675,0.9781
4676,0.9636
4677,0.9592
4678,0.9561
4679,0.9484
4680,0.9426
4681,0.9478
4682,0.9417
4683,0.9452
4684,0.9417
4685,0.9459
4686,0.9452
4687,0.9386
4688,0.9371
4689,0.9435
4690,0.9313
4691,0.9387
4692,0.9375
4693,0.9320
4694,0.9255
4695,0.9190
4696,0.9188
4697,0.9213
4698,0.9260
4699,0.9213
4700,0.9202
4701,0.9152
4702,0.9124
4703,0.9030
4704,0.9062
4705,0.9118
4706,0.9118
4707,0.9061
4708,0.9088
4709,0.9125
4710,0.9144
4711,0.9083
4712,0.9032
4714,0.9008
4715,0.9038
4716,0.8971
4717,0.8969
4718,0.8892
4719,0.8872
4720,0.8882
4721,0.8886
4722,0.8895
4723,0.8880
4724,0.8803
4725,0.8802
4726,0.8803
4727,0.8794
4728,0.8798
4729,0.8763
4730,0.8778
4731,0.8786
4732,0.8818
4733,0.8803
4734,0.8786
4737,0.8724
4738,0.8746
4739,0.8737
4740,0.8759
4741,0.8795
4742,0.8817
4743,0.8814
4744,0.8829
4745,0.8792
4746,0.8853
4747,0.8803
4748,0.8734
4749,0.8733
4750,0.8741
4751,0.8797
4752,0.8764
4753,0.8712
4754,0.8682
4755,0.8649
4756,0.8679
4757,0.8651
4758,0.8649
4759,0.8682
4760,0.8724
4761,0.8747
4762,0.8701
4763,0.8743
4764,0.8692
4765,0.8715
4766,0.8705
4767,0.8693
4768,0.8731
4769,0.8753
4770,0.8794
4771,0.8740
4772,0.8664
4773,0.8664
4774,0.8683
4775,0.8644
4776,0.8632
4777,0.8637
4778,0.8642
4779,0.8624
4780,0.8578
4781,0.8663
4782,0.8767
4783,0.8856
4784,0.8830
4785,0.8840
4786,0.8810
4787,0.8819
4788,0.8817
4789,0.8922
4790,0.8927
4791,0.8919
4792,0.8909
4793,0.8921
4794,0.8909
4795,0.8905
4796,0.8954
4797,0.9036
4798,0.9038
4801,0.8813
4802,0.8823
4805,0.8798
4806,0.8943
4807,0.8973
4808,0.8983
4809,0.9012
4810,0.9049
4811,0.9016
4812,0.8975
4813,0.8938
4814,0.8908
4815,0.8850
4816,0.8911
4817,0.8889
4818,0.8919
4819,0.8902
4820,0.8925
4821,0.8898
4822,0.8887
4823,0.8831
4824,0.8788
4825,0.8818
4826,0.8795
4827,0.8778
4828,0.8791
4829,0.8824
4830,0.8793
4831,0.8845
4832,0.8825
4833,0.8803
4834,0.8842
4835,0.8919
4836,0.8930
4837,0.8972
4838,0.9014
4839,0.8961
4840,0.8961
4841,0.9056
4842,0.9097
4843,0.9042
4844,0.9064
4845,0.9005
4846,0.8911
4847,0.8889
4848,0.8917
4849,0.8887
4850,0.8969
4851,0.9009
4852,0.9026
4853,0.9022
4854,0.9052
4855,0.9097
4856,0.9040
4857,0.9062
4858,0.9136
4859,0.9193
4860,0.9214
4861,0.9174
4862,0.9117
4863,0.9209
4864,0.9189
4865,0.9125
4866,0.9131
4867,0.9205
4868,0.9219
4869,0.9176
4870,0.9164
4871,0.9200
4872,0.9259
4873,0.9258
4874,0.9256
4875,0.9269
4876,0.9219
4877,0.9060
4878,0.9052
4879,0.8964
4880,0.9047
4881,0.8952
4882,0.8855
4883,0.8891
4884,0.8970
4885,0.9072
4886,0.9158
4887,0.9095
4888,0.9122
4889,0.9042
4890,0.9090
4891,0.9108
4892,0.9112
4893,0.9216
4894,0.9128
4895,0.9149
4896,0.9138
4897,0.9144
4898,0.9114
4899,0.8968
4900,0.8991
4901,0.8936
4902,0.8853
4903,0.8763
4904,0.8768
4905,0.8805
4906,0.8806
4907,0.8788
4908,0.8817
4909,0.8755
4910,0.8751
4911,0.8768
4912,0.8764
4913,0.8793
4914,0.8708
4915,0.8676
4916,0.8776
4917,0.8723
4918,0.8630
4919,0.8516
4920,0.8583
4921,0.8539
4922,0.8538
4923,0.8611
4924,0.8545
4925,0.8459
4926,0.8384
4927,0.8422
4928,0.8453
4929,0.8497
4930,0.8455
4931,0.8480
4932,0.8511
4933,0.8622
4934,0.8611
4935,0.8607
4936,0.8528
4937,0.8552
4938,0.8513
4939,0.8563
4940,0.8581
4941,0.8662
4942,0.8492
4943,0.8542
4944,0.8474
4945,0.8494
4946,0.8468
4947,0.8466
4948,0.8543
4949,0.8465
4950,0.8513
4951,0.8478
4952,0.8480
4953,0.8558
4954,0.8552
4955,0.8584
4956,0.8591
4957,0.8604
4958,0.8585
4959,0.8685
4960,0.8754
4961,0.8777
4962,0.8815
4963,0.8834
4964,0.8768
4965,0.8745
4966,0.8773
4967,0.8850
4968,0.8827
4969,0.8866
4970,0.8919
4971,0.8939
4972,0.8903
4973,0.8907
4975,0.8876
4976,0.9023
4977,0.9013
4978,0.8947
4979,0.8973
4980,0.9002
4981,0.8989
4982,0.8827
4983,0.8778
4984,0.8791
4987,0.8849
4988,0.8840
4989,0.8945
4990,0.9018
4991,0.8940
4992,0.9020
4993,0.9032
4994,0.8845
4995,0.8772
4996,0.8832
4997,0.8840
4998,0.8860
4999,0.8952
5000,0.8935
5001,0.8922
5002,0.8889
5003,0.8990
5004,0.9020
5005,0.8996
5006,0.8947
5007,0.9064
5008,0.9182
5009,0.9202
5010,0.9272
5011,0.9357
5012,0.9312
5013,0.9307
5014,0.9279
5015,0.9305
5016,0.9363
5017,0.9269
5018,0.9248
5019,0.9163
5020,0.9105
5021,0.9064
5022,0.9056
5023,0.9146
5024,0.9070
5025,0.9213
5026,0.9113
5027,0.9090
5028,0.9178
5029,0.9275
5030,0.9288
5031,0.9227
5032,0.9220
5033,0.9325
5034,0.9322
5035,0.9425
5036,0.9407
5037,0.9406
5038,0.9293
5039,0.9197
5040,0.9193
5041,0.9228
5042,0.9146
5043,0.9294
5044,0.9407
5045,0.9290
5046,0.9400
5047,0.9404
5048,0.9396
5049,0.9412
5050,0.9428
5051,0.9545
5052,0.9523
5053,0.9412
5054,0.9401
5055,0.9497
5056,0.9545
5057,0.9458
5058,0.9530
5059,0.9423
5061,0.9305
5062,0.9285
5063,0.9310
5066,0.9240
5067,0.9146
5068,0.9059
5069,0.8903
5070,0.8966
5071,0.8984
5072,0.8839
5073,0.8748
5074,0.8782
5075,0.8804
5076,0.8895
5077,0.8943
5078,0.8828
5079,0.8810
5080,0.8908
5081,0.8735
5082,0.8684
5083,0.8650
5084,0.8561
5085,0.8406
5086,0.8436
5087,0.8427
5088,0.8429
5089,0.8474
5090,0.8488
5091,0.8535
5092,0.8569
5093,0.8596
5094,0.8583
5095,0.8620
5096,0.8673
5097,0.8531
5098,0.8559
5099,0.8587
5100,0.8667
5101,0.8730
5102,0.8646
5103,0.8554
5104,0.8417
5105,0.8482
5106,0.8324
5107,0.8252
5108,0.8307
5109,0.8386
5110,0.8377
5111,0.8452
5112,0.8411
5113,0.8525
5114,0.8496
5115,0.8511
5116,0.8627
5117,0.8648
5118,0.8720
5119,0.8721
5120,0.8695
5121,0.8703
5122,0.8786
5123,0.8730
5124,0.8763
5125,0.8802
5126,0.8765
5127,0.8832
5128,0.8861
5129,0.8757
5130,0.8770
5131,0.8890
5132,0.8524
5133,0.8476
5134,0.8541
5135,0.8526
5136,0.8615
5137,0.8693
5138,0.8654
5139,0.8614
5140,0.8609
5141,0.8735
5142,0.8676
5143,0.8818
5144,0.8886
5145,0.9000
5146,0.8902
5147,0.8906
5148,0.8909
5149,0.8965
5150,0.9007
5151,0.9021
5152,0.9012
5153,0.8918
5154,0.8972
5155,0.9023
5156,0.9127
5157,0.9140
5158,0.9072
5159,0.9118
5160,0.9011
5161,0.9132
5162,0.9031
5163,0.8973
5164,0.9047
5165,0.9084
5166,0.9031
5167,0.9028
5168,0.9142
5169,0.9264
5170,0.9243
5171,0.9276
5172,0.9389
5173,0.9390
5174,0.9410
5175,0.9332
5176,0.9363
5177,0.9220
5178,0.9216
5179,0.9353
5180,0.9352
5181,0.9344
5182,0.9349
5183,0.9499
5184,0.9527
5185,0.9523
5186,0.9483
5187,0.9542
5188,0.9537
5189,0.9487
5190,0.9493
5191,0.9556
5192,0.9504
5193,0.9415
5194,0.9401
5195,0.9327
5196,0.9413
5197,0.9405
5198,0.9470
5199,0.9538
5200,0.9640
5201,0.9565
5202,0.9524
5203,0.9636
5204,0.9583
5205,0.9527
5206,0.9490
5207,0.9668
5208,0.9554
5209,0.9485
5210,0.9433
5211,0.9355
5212,0.9330
5213,0.9303
5214,0.9359
5215,0.9262
5216,0.9143
5217,0.8981
5218,0.9098
5219,0.9111
5220,0.9000
5221,0.8875
5222,0.8942
5223,0.8922
5224,0.9065
5225,0.9147
5226,0.9029
5227,0.9079
5228,0.9107
5229,0.8978
5230,0.8952
5231,0.8984
5232,0.8947
5233,0.8913
5234,0.9116
5236,0.9085
5237,0.9163
5238,0.9193
5239,0.9302
5242,0.9376
5243,0.9461
5244,0.9497
5245,0.9573
5246,0.9540
5247,0.9537
5248,0.9576
5249,0.9594
5250,0.9590
5251,0.9564
5252,0.9625
5253,0.9673
5254,0.9538
5255,0.9564
5256,0.9553
5257,0.9555
5258,0.9568
5259,0.9647
5260,0.9712
5261,0.9715
5262,0.9656
5263,0.9603
5264,0.9701
5265,0.9715
5266,0.9672
5267,0.9663
5268,0.9647
5269,0.9620
5270,0.9716
5271,0.9613
5272,0.9616
5273,0.9543
5274,0.9593
5275,0.9640
5276,0.9659
5277,0.9725
5278,0.9667
5279,0.9714
5280,0.9639
5281,0.9813
5282,0.9898
5283,1.0068
5284,1.0022
5285,0.9857
5286,0.9857
5287,0.9919
5288,0.9804
5289,0.9778
5290,0.9867
5291,0.9801
5292,0.9868
5293,0.9934
5294,0.9903
5295,0.9767
5296,0.9835
5297,0.9748
5298,0.9717
5299,0.9710
5300,0.9791
5301,0.9848
5302,0.9976
5303,1.0019
5304,1.0008
5305,1.0027
5306,1.0097
5307,1.0089
5308,1.0105
5309,1.0093
5310,1.0094
5311,1.0225
5312,1.0276
5313,1.0308
5314,1.0256
5315,1.0229
5316,1.0284
5317,1.0388
5318,1.0368
5319,1.0305
5320,1.0090
5322,1.0046
5323,1.0072
5324,1.0089
5325,1.0134
5326,1.0142
5327,1.0089
5328,1.0074
5329,1.0084
5330,1.0096
5331,1.0128
5332,1.0146
5333,1.0021
5334,1.0038
5335,1.0128
5336,1.0141
5337,1.0175
5338,1.0236
5339,1.0239
5340,1.0182
5341,1.0015
5342,1.0057
5343,1.0091
5344,1.0097
5345,1.0077
5346,1.0101
5347,1.0194
5348,1.0215
5349,1.0315
5350,1.0311
5351,1.0279
5352,1.0380
5353,1.0408
5354,1.0336
5355,1.0301
5356,1.0308
5357,1.0406
5358,1.0402
5359,1.0424
5360,1.0405
5361,1.0408
5362,1.0504
5363,1.0491
5364,1.0507
5365,1.0572
5366,1.0453
5367,1.0534
5368,1.0552
5369,1.0633
5370,1.0683
5371,1.0758
5372,1.0797
5373,1.0777
5374,1.0818
5375,1.0868
5376,1.0869
5377,1.0758
5378,1.0778
5379,1.0668
5380,1.0631
5381,1.0657
5382,1.0729
5383,1.0737
5384,1.0686
5385,1.0719
5386,1.0728
5387,1.0665
5388,1.0563
5389,1.0483
5390,1.0414
5391,1.0476
5392,1.0430
5393,1.0509
5394,1.0388
5395,1.0406
5396,1.0397
5397,1.0372
5398,1.0369
5399,1.0362
5400,1.0342
5401,1.0520
5402,1.0592
5403,1.0613
5404,1.0565
5405,1.0594
5406,1.0682
5407,1.0662
5408,1.0613
5409,1.0573
5410,1.0454
5411,1.0450
5412,1.0452
5413,1.0433
5414,1.0512
5415,1.0606
5416,1.0667
5417,1.0517
5418,1.0517
5419,1.0527
5420,1.0553
5421,1.0667
5422,1.0638
5423,1.0668
5424,1.0737
5425,1.0705
5426,1.0740
5427,1.0791
5428,1.0761
5429,1.0645
5430,1.0665
5431,1.0694
5432,1.0680
5433,1.0603
5434,1.0627
5435,1.0698
5436,1.0496
5437,1.0499
5438,1.0462
5439,1.0410
5440,1.0146
5441,1.0202
5442,1.0201
5443,1.0168
5444,1.0183
5445,1.0124
5446,1.0204
5447,1.0182
5448,1.0222
5449,1.0221
5450,1.0232
5451,1.0241
5452,1.0264
5453,1.0328
5454,1.0364
5455,1.0388
5456,1.0443
5457,1.0321
5458,1.0280
5459,1.0313
5460,1.0339
5461,1.0388
5462,1.0340
5463,1.0345
5464,1.0392
5465,1.0437
5466,1.0474
5467,1.0474
5468,1.0466
5469,1.0385
5470,1.0316
5471,1.0315
5472,1.0382
5473,1.0382
5474,1.0434
5475,1.0456
5476,1.0479
5477,1.0473
5478,1.0535
5479,1.0627
5480,1.0585
5481,1.0572
5482,1.0639
5483,1.0634
5484,1.0690
5485,1.0685
5486,1.0676
5487,1.0622
5488,1.0645
5489,1.0732
5490,1.0735
5491,1.0786
5492,1.0799
5493,1.0667
5494,1.0564
5495,1.0589
5496,1.0597
5497,1.0604
5498,1.0666
5499,1.0630
5500,1.0614
5501,1.0634
5502,1.0581
5503,1.0586
5504,1.0646
5505,1.0636
5506,1.0668
5507,1.0786
5508,1.0787
5509,1.0765
5510,1.0867
5511,1.0778
5512,1.0818
5513,1.0812
5514,1.0726
5515,1.0752
5516,1.0772
5517,1.0772
5518,1.0742
5519,1.0711
5520,1.0692
5521,1.0815
5522,1.0898
5523,1.0928
5524,1.0896
5525,1.0864
5526,1.0915
5527,1.1012
5528,1.0966
5529,1.0901
5530,1.0949
5531,1.0932
5532,1.0891
5533,1.0953
5534,1.0863
5535,1.0908
5536,1.0834
5537,1.0866
5538,1.0899
5539,1.0887
5540,1.0986
5541,1.1018
5542,1.1031
5543,1.1037
5544,1.0969
5545,1.0992
5546,1.1163
5547,1.1232
5548,1.1253
5549,1.1176
5550,1.1238
5551,1.1244
5552,1.1312
5553,1.1342
5554,1.1333
5555,1.1246
5556,1.1292
5557,1.1263
5558,1.1337
5559,1.1337
5560,1.1338
5561,1.1384
5562,1.1410
5563,1.1529
5564,1.1582
5565,1.1584
5566,1.1567
5567,1.1572
5568,1.1575
5569,1.1616
5570,1.1612
5571,1.1626
5572,1.1653
5573,1.1744
5574,1.1520
5575,1.1569
5576,1.1659
5577,1.1632
5578,1.1743
5579,1.1790
5580,1.1789
